id,developer
1,Nintendo
2,NeversoftEntertainment
3,RockstarNorth
4,Namco
5,NintendoEADTokyo
6,RockstarGames
7,Treyarch
8,RareLtd.
9,RetroStudios
10,DMADesign
11,BungieSoftware
12,VisualConcepts
13,ValveSoftware
14,"IrrationalGames,2KMarin"
15,NaughtyDog
16,Capcom
17,RocksteadyStudios
18,BioWare
19,BethesdaGameStudios
20,PolyphonyDigital
21,KCEJ
22,"SCE/WWS,MediaMolecule"
23,RockstarSanDiego
24,EASports
25,VicariousVisions
26,Atlus
27,"KojimaProductions,MobyDickStudio"
28,2DBoy
29,IrrationalGames
30,SquareSoft
31,InfinityWard
32,SCESantaMonica
33,GREZZO
34,MattMakesGamesInc.
35,"DigitalExtremes,2KMarin"
36,EATiburon
37,EpicGames
38,BethesdaSoftworks
39,MPSLabs
40,idSoftware
41,"BungieSoftware,Bungie"
42,TeamNinja
43,Smilebit
44,LucasArts
45,UbisoftMontreal
46,CriterionGames
47,BlizzardEntertainment
48,Aspect
49,KojimaProductions
50,FiraxisGames
51,SegaAM2
52,CDProjektRedStudio
53,GameArts
54,Relic
55,UbisoftShanghai
56,RockstarLeeds
57,"LarianStudiosGames,BlitWorks,TheDragonCommanders"
58,NamcoBandaiGames
59,SupergiantGames
60,LarianStudiosGames
61,NumberNoneInc.
62,MoonStudios
63,EASportsBig
64,MojangAB
65,"tobyfox,8-4"
66,EACanada
67,"DMADesign,RockstarNorth"
68,Raster
69,CloverStudio
70,4JStudios
71,KCET
72,Overworks
73,IntelligentSystems
74,HarmonixMusicSystems
75,MelbourneHouse
76,Konami
77,Sega
78,"Nintendo,HALLabs,BandaiNamcoGames,SoraLtd."
79,"HotheadGames,NumberNoneInc."
80,Psygnosis
81,CapcomR&DDivision1
82,PLAYDEAD
83,Ubisoft
84,PlaygroundGames
85,TrickyPixels
86,FromSoftware
87,SiliconKnights
88,Maxis
89,MicrosoftGameStudios
90,GiantSparrow
91,"LookingGlassStudios,IrrationalGames"
92,SquareEnix
93,HALLabs
94,Hitmaker
95,CreativeAssembly
96,Turn10
97,tobyfox
98,LookingGlassStudios
99,EnsembleStudios
100,TelltaleGames
101,Stardock
102,BandaiNamcoGames
103,TOSE
104,"Nintendo,PlatinumGames"
105,ThatGameCompany
106,MonolithSoft
107,DreamworksInteractive
108,NanaOn-Sha
109,BluepointGames
110,UBlartMontpellier
111,OutOfTheParkDevelopments
112,UbisoftMontpellier
113,Headgate
114,AsoboStudio
115,ArkaneStudios
116,2015
117,MediaMolecule
118,BackboneEntertainment
119,ElectronicArts
120,PlatinumGames
121,"1C,1CEntertainment"
122,CamelotSoftwarePlanning
123,VolitionInc.
124,InsomniacGames
125,IncognitoInc.
126,CoreDesignLtd.
127,SCEJapanStudio
128,PopCap
129,GearboxSoftware
130,"Sega,Tantalus"
131,MotionTwin
132,CardboardComputer
133,Crytek
134,ReadyatDawn
135,SCEA
136,"BluepointGames,SCEJapanStudio"
137,Funcom
138,Bungie
139,MonolithProductions
140,ParadoxInteractive
141,DigitalIllusions
142,PolytronCorp.
143,BlackIsleStudios
144,Guerrilla
145,CrystalDynamics
146,Codemasters
147,KleiEntertainment
148,ZA/UM
149,Image&Form
150,"Mossmouth,Bitworks"
151,KCEK
152,YachtClubGames
153,BizarreCreations
154,UbisoftParis
155,AlphadreamCorporation
156,SCEI
157,Eidetic
158,"Ubisoft,RedLynx"
159,"DerekYu,Mossmouth"
160,LionheadStudios
161,"Nintendo,HexaDrive"
162,EnhanceGames
163,SCEASanDiegoStudios
164,Factor5
165,increpare
166,FuturLab
167,SecretLevel
168,IonStorm
169,"PolytronCorp.,BlitWorks"
170,"NumberNoneInc.,KnockoutGames"
171,Starbreeze
172,AtlusCo.
173,TeamCherry
174,Yuke's
175,"PlatinumGames,NexEntertainment"
176,TeamMeat
177,VisceralGames
178,HexaDrive
179,LeadPursuit
180,NixxesSoftware
181,FreeRadicalDesign
182,ArenaNet
183,"Genki,BluepointGames"
184,SubsetGames
185,SimBin
186,RyugaGotokuStudios
187,RockstarToronto
188,JapanStudio
189,DrinkBoxStudios
190,KushGames
191,ParadigmEntertainment
192,WestwoodStudios
193,RavenSoftware
194,StudioLiverpool
195,Level5
196,ShinyEntertainment
197,SonicTeam
198,ObsidianEntertainment
199,DigitalEclipse
200,"QEntertainment,MonstarsInc.,EnhanceGames"
201,SportsInteractive
202,DrawMeAPixel
203,TomHapp
204,CertainAffinity
205,RespawnEntertainment
206,M2
207,Papyrus
208,AngelStudios
209,AmusementVision
210,"BioWare,DemiurgeStudios"
211,BlackBox
212,Flagship
213,BigTimeSoftware
214,BarkingDog
215,Nicalis
216,MegaCritGames
217,RemedyEntertainment
218,No info
219,neoSoftware
220,"IntelligentSystems,KoeiTecmoGames"
221,MassiveEntertainment
222,EidosMontreal
223,"SickheadGames,LLC,EricBarone"
224,3DRealms
225,TeamBondi
226,Vlambeer
227,EARedwoodShores
228,BigHugeGames
229,BlueShift
230,OutrageGames
231,UGA
232,EADICE
233,AkiCorp.
234,LucasPope
235,QEntertainment
236,"InsomniacGames,SCE/WWS"
237,EAGames
238,CollectingSmiles
239,NetherRealmStudios
240,"4JStudios,MojangAB"
241,"EricBarone,ConcernedApe"
242,PamDevelopment
243,NuFX
244,PopTopSoftware
245,Sanzaru
246,NewBloodInteractive
247,Page44Studios
248,LeftFieldProductions
249,ChairEntertainment
250,"Mossmouth,BlitWorks"
251,IllusionSoftworks
252,MetanetSoftwareInc.
253,"InfinityWard,SledgehammerGames"
254,"EidosMontreal,StraightRight"
255,ParadoxDevelopmentStudio
256,FreeStyleGames
257,ZenStudios
258,EALA
259,MilestoneS.r.l
260,Anchor
261,MachineGames
262,DoubleFineProductions
263,2KMarin
264,"SQUADTeam,Squad"
265,Dynamix
266,ChunSoft
267,"CrystalDynamics,NixxesSoftware"
268,HeartMachine
269,"NaughtyDog,SCE/WWS"
270,Stoic
271,"BackboneEntertainment,BackboneEmeryville"
272,Quest
273,JupiterCorporation
274,RunicGames
275,StudioMDHR
276,343Industries
277,GameFreak
278,GrayMatter
279,BlendoGames
280,2x2Games
281,"RockstarNorth,RockstarLeeds"
282,SuckerPunch
283,"Z-Axis,Ltd."
284,DaveyWreden
285,Moppin
286,BlitWorks
287,OddworldInhabitants
288,adamgryu
289,CCP
290,"TarsierStudios,DoubleEleven"
291,PeterStock
292,"Treasure,Zereo"
293,Shin'en
294,SteelCrateGames
295,HelloGames
296,FASAStudio
297,MythicEntertainment
298,TheCounter-StrikeTeam
299,D-PadStudio
300,Croteam
301,Beenox
302,InfiniteFall
303,CloudheadGames
304,Housemarque
305,BlizzardNorth
306,NinjaTheory
307,UnknownWorldsEntertainment
308,11bitstudios
309,ConcernedApe
310,ZipperInteractive
311,"Thekla,Inc"
312,ArcSystemWorks
313,JustAddWater
314,Aspyr
315,LudeonStudios
316,SnowblindStudios
317,ShabaGames
318,PlayerX
319,BraceYourselfGames
320,"AsterizmCo.,Ltd"
321,"RockstarGames,RockstarStudios"
322,IroncladGames
323,Treasure
324,QuanticDream
325,DodgeRoll
326,SonyBend
327,FacepalmGames
328,HempuliOy
329,"Nintendo,GREZZO"
330,MetalheadSoftware
331,IoInteractive
332,Simogo
333,iNiS
334,ExientEntertainment
335,MattThorson
336,RockstarVancouver
337,"Psyonix,PanicButton"
338,FDGEntertainment
339,Day1Studios
340,TimeGateStudios
341,"AbstractionGames,Dennaton"
342,Survios
343,NipponIchiSoftware
344,UbisoftMilan
345,Cing
346,GRIN
347,SpikeChunsoft
348,"HasbroInteractive,Atari"
349,Vanillaware
350,"CoffeeStainStudios,EasyTriggerGames"
351,RiotGames
352,WadjetEyeGames
353,GaijinGames
354,Mossmouth
355,FailbetterGames
356,ImpressionsGames
357,ReflectionsInteractive
358,InfiniteInteractive
359,"CryptozoicEntertainment,HexEntertainment"
360,Q-Games
361,AsymmetricPublications
362,"JoakimSandberg,Konjak"
363,"JoakimSandberg,MP2Games"
364,ClimaxGroup
365,PyroStudios
366,Acquire
367,FrontierDevelopments
368,"droolGames,Drool"
369,TheFullbrightCompany
370,Good-Feel
371,Hudson
372,Psyonix
373,GasPoweredGames
374,MuckyFootProductions
375,Razorworks
376,Edelweiss
377,IronGalaxyStudios
378,"ObsidianEntertainment,ParadoxArctic"
379,SabotageStudio
380,CapyGames
381,"NinjaTheory,QLOC"
382,PandemicStudios
383,Virtuos
384,SonyOnlineEntertainment
385,eSimGames
386,EdenStudios
387,CavedogEntertainment
388,"OmegaForce,SquareEnix"
389,InfiniteDreamsInc.
390,"5pb,Mages."
391,TheSimsStudio
392,CurveStudios
393,RonGilbertandGaryWinnick
394,Hi-RezStudios
395,MatrixSoftware
396,TheCoalition
397,SteelMantis
398,WayForward
399,RedLynx
400,FlashbackGames
401,SamBarlow
402,NextLevelGames
403,Traveller'sTales
404,RadicalFishGames
405,"DotEmu,SeavenStudio,GuardCrushGames,Lizardcube"
406,1CEntertainment
407,EAChicago
408,"SegaSoft,Sega,PagodaWestGames"
409,DigitalExtremes
410,TriumphStudios
411,TurbineInc.
412,DanielMullinsGames
413,"CrystalDynamics,UnitedFrontGames"
414,SonyInteractiveEntertainment
415,"RedStormEntertainment,UbisoftParis"
416,"FiraxisGames,Aspyr"
417,EABlackBox
418,EAMythic
419,MimimiProductions
420,"Bluehole,Inc.,PUBGCorporation"
421,BlooberTeam
422,DelphineSoftwareInternational
423,HyperbolicMagnetism
424,1C:MaddoxGames
425,BeeTribe
426,"NextLevelGames,Nintendo"
427,SidheInteractive
428,BudCat
429,NdCube
430,Techland
431,"Codemasters,DeepSilver"
432,Otomate
433,IguanaEntertainment
434,GrindingGearGames
435,roll7
436,WitchBeam
437,"WarnerBros.InteractiveEntertainment,NetherRealmStudios"
438,HorbergProductions
439,MonsterGamesInc.
440,Tantalus
441,"Tantalus,Tantatus,Nintendo"
442,"RadialGamesCorp.,DinosaurPoloClub"
443,QLOC
444,Falcom
445,HudsonSoft
446,ColossalOrder
447,"Nintendo,NintendoSoftwareTechnology"
448,Drool
449,MercurySteam
450,Cygames
451,Crackshell
452,GhostShipGames
453,"Atari,MicroProse"
454,RedStormEntertainment
455,AlmostHuman
456,SanzaruGames
457,Eighting
458,CampoSanto
459,InXileEntertainment
460,"ParagonStudios,CrypticStudios"
461,StraightRight
462,TheBehemoth
463,IntiCreates
464,DreamworksGames
465,AttentionToDetail
466,ShinyShoe
467,SiliconStudio
468,HopooGames
469,JacobJanerka
470,MoonsproutGames
471,StunlockStudios
472,UbisoftQuebec
473,DONTNODEntertainment
474,Dennaton
475,Sir-TechSoftwareInc.
476,BohemiaInteractive
477,ProSoft
478,PlanetMoonStudios
479,RedCandleGames
480,BlackRockStudio
481,"Namco,ProjectSoul"
482,FrictionalGames
483,BigBlueBox
484,"PLAYGROUND,PlaygroundGames"
485,SnapshotGamesInc.
486,"Ubisoft,UbisoftMontreal"
487,"SquareSoft,SquareEnix"
488,"SaberInteractive,CDProjektRedStudio"
489,Nautilus
490,CellarDoorGames
491,HumbleHearts
492,"EdmundMcMillen,Nicalis"
493,"OmegaForce,KoeiTecmoGames"
494,SukebanGames
495,RockyStudio
496,Mindware
497,ClapHanz
498,DeepRed
499,KunosSimulazioni
500,AmanitaDesign
501,Mode7Games
502,DigitalAnvil
503,RuudKoorevaar
504,"DigitalReality,GrasshopperManufacture"
505,TwoPointStudios
506,BestGameEver.com
507,Indefatigable
508,"RetroStudios,EntertainmentAnalysis&DevelopmentDivision"
509,VigilGames
510,"Sega,RyugaGotokuStudios"
511,WilliamChyrStudioLLC
512,ToysforBob
513,EdgeofReality
514,SFBGames
515,LucidGames
516,"Sega,MediaVision"
517,RedHookStudios
518,"RenegadeKid,AtooiLLC"
519,FlyingOakGames
520,TheGameKitchen
521,EAMobile
522,"Frozenbyte,Inc."
523,RogueEntertainment
524,"RocksteadyStudios,WBGamesMontreal"
525,"Bluehole,Inc."
526,"Twistplay,SteCurran"
527,Polyarc
528,"TelltaleGames,SkyboundGames"
529,EngineSoftware
530,"MobiusDigital,LLC"
531,2KGames
532,Beamdog
533,"EASports,EAVancouver"
534,TaitoCorporation
535,"LucasArts,BioWare"
536,"Ubisoft,UbisoftParis,UbisoftMilan"
537,"TheFullbrightCompany,MidnightCity"
538,HighImpactGames
539,Full-Fat
540,Midway
541,RocketScienceGames
542,"BandaiNamcoGames,SlightlyMadStudios"
543,TarsierStudios
544,SumoDigital
545,"RareLtd.,CodeMysticsInc."
546,MegagonIndustries
547,EAPacific
548,BullfrogProductions
549,"Eighting,Nintendo"
550,ZachtronicsIndustries
551,GalaxyTrail
552,Tecmo
553,UbisoftSanFrancisco
554,HalfbrickStudios
555,dreamfeel
556,TwistedPixelGames
557,Llamasoft
558,3DO
559,LauraShigihara
560,CodemastersBirmingham
561,EvolutionStudios
562,Triband
563,SkaStudios
564,"1C,ElementalGames,1CEntertainment"
565,2KCzech
566,BlackMesaModificationTeam
567,inkle
568,TwoTribes
569,5pb
570,NerveSoftware
571,NewWorldComputing
572,"UbisoftMontpellier,PastaGames"
573,PaulHelman
574,"Capcom,QLOC"
575,"KushGames,VisualConcepts"
576,"BethesdaGameStudios,IronGalaxyStudios"
577,RadicalEntertainment
578,"JasonRoberts,BuriedSignal"
579,GrasshopperManufacture
580,AirshipSyndicateEntertainment
581,"BandaiNamcoGames,ProjectSoul"
582,"inkle,CapeGuy"
583,KronosDigitalEntertainment
584,"RawFury,Noio"
585,WhiteOwls
586,4AGames
587,"Nintendo,AlphadreamCorporation"
588,DoubleEleven
589,Chucklefish
590,DICEStockholm
591,AsteroidBase
592,"StoicJesterStudios,Stoic"
593,StrategyFirst
594,AvalancheStudios
595,Lizardcube
596,"2KGames,Virtuos"
597,ArtPlay
598,Team17
599,RainbowStudios
600,KujuEntertainment
601,MagicDigitalStudio
602,"CurveStudios,superflatgames"
603,HypnosEntertainment
604,SizeFiveGames
605,OtherOceanInteractive
606,"EpicGames,PeopleCanFly"
607,ThroughGames
608,ArtePiazza
609,"Housemarque,XDEV"
610,Introversion
611,Gust
612,SlightlyMadStudios
613,PlaytonicGames
614,"11bitstudios,DigitalSun"
615,DoragonEntertainment
616,Opus
617,"ShanghaiFantaBladeNetworkTechnologyCo.,Ltd."
618,"EnsembleStudios,ForgottenEmpiresLLC"
619,RutuboGames
620,RenegadeKid
621,"HempuliOy,MP2Games"
622,"EdmundMcMillen,FlorianHimsl"
623,SplashDamage
624,Tri-Ace
625,"THQ,Yuke's"
626,LunarRayGames
627,TrionWorlds
628,"SamBarlow,FuriousBee"
629,RonimoGames
630,GabeCuzzillo
631,"EdmundMcMillen,TylerGlaiel"
632,"FreebirdGames,X.D.NetworkInc."
633,"Sega,M2"
634,DoubleDutchGames
635,SimTex
636,"RemedyEntertainment,505Games"
637,UbisoftToronto
638,ThunderLotusGames
639,miHoYo
640,"Capcom,M-Two"
641,NomadaStudio
642,EAVancouver
643,"ViciousCycle,InfiniteInteractive"
644,"Falcom,EngineSoftware"
645,"Level5,EngineSoftware"
646,VillaGorilla
647,TomorrowCorporation
648,Game-Labs
649,AppaloosaInteractive
650,BerzerkStudio
651,UbisoftSofia
652,SUPERHOT
653,CrateEntertainment
654,"Arika,Nintendo"
655,Altron
656,"Opus,ProjectSora"
657,TomFrancis
658,"IdeaFactory,Otomate"
659,2KSports
660,"BlueByte,RelatedDesigns"
661,"CreativeAssembly,FeralInteractive"
662,Okomotive
663,GhostTownGamesLtd.
664,SlickEntertainment
665,NivalInteractive
666,Bugbear
667,ThroughlineGames
668,RobotEntertainment
669,Pelfast
670,"OrbitalMedia,Inc."
671,"EidosMontreal,NixxesSoftware"
672,BootdiskRevolution
673,LightWeight
674,Sorath
675,"Sega,SonicTeam"
676,ZeniMaxMedia
677,SilverDollarGames
678,VblankEntertainmentInc.
679,SKSGames
680,FarsightStudios
681,ZoeMode
682,LandonPodbielski
683,RealtimeWorlds
684,Re-Logic
685,StainlessGames
686,BlueManchu
687,FoamSwordGames
688,TrinketStudios
689,Nitro+
690,Agenda
691,AtomicPlanetEntertainment
692,Ratbag
693,CrawfishInteractive
694,"SquareEnix,Acquire"
695,"IdolMinds,InsomniacGames"
696,TheOddGentlemen
697,HumanHeadStudios
698,TTGames
699,Droqen
700,Gambitious
701,PocketwatchGames
702,"SpikeChunsoft,Chime"
703,SledgehammerGames
704,"TequilaWorks,CavalierGameStudios"
705,ArrowheadGameStudios
706,EndlessFluff
707,DimpsCorporation
708,Acclaim
709,Askiisoft
710,KTRacing
711,"EASports,HBStudiosMultimedia"
712,"SquareEnix,TOSE"
713,UnitedFrontGames
714,"Capcom,DigitalEclipse"
715,GiantSquid
716,"Maxis,EARedwoodShores"
717,BrokenRules
718,TerryCavanagh
719,LiquidBit
720,FreeLives
721,Splashteam
722,ParticleSystems
723,PrestoStudios
724,"Activision,ToysforBob"
725,EugenSystems
726,OmegaForce
727,MisfitsAttic
728,KillHouseGames
729,"ValveSoftware,HiddenPathEntertainment"
730,Exakt
731,Zoink!
732,FatsharkAB
733,indieszero
734,Marvelous
735,"EngineSoftware,GrasshopperManufacture"
736,ThomasMoonKang
737,Pixelatto
738,Swingin'Ape
739,DigitalDialect
740,HiddenPathEntertainment
741,"SplashDamage,TheCoalition"
742,"VolitionInc.,ReactorZero"
743,Petroglyph
744,WideRightInteractive
745,KINGArt
746,Locomalito
747,Tendershoot
748,AQInteractive
749,Banpresto
750,DefiantDevelopment
751,EnlightSoftware
752,MTO
753,CurveDigital
754,"BlitWorks,Lizardcube"
755,SCEELondonStudio
756,"AbstractionGames,TequilaWorks,CavalierGameStudios"
757,TeamFusion
758,ParagonStudios
759,"EurocomEntertainmentSoftware,VisceralGames,Eurocom"
760,"Jellyvision,IronGalaxyStudios"
761,Koei/Inis
762,KeenGames
763,"GearboxSoftware,IronGalaxyStudios"
764,ParallelCircles
765,AquirisGameStudio
766,TequilaWorks
767,13AMGames
768,AlanHazelden&HarryLee
769,FallenTreeGames
770,NExTStudios
771,ReikonGames
772,"JoyMasher,SeavenStudio"
773,Sonalysts
774,RealismLtd
775,"WadjetEyeGames,JoshuaNuernberger"
776,RightSquareBracketLeftSquareBracketGames
777,Demruth
778,"JapanStudio,TeamAsobi"
779,"SegaAM2,M2"
780,"NeversoftEntertainment,BudCat"
781,SchellGames
782,Orann
783,RevolutionSoftware
784,Inti
785,StrategicStudiesGroup
786,MixedRealmsPteLtd
787,BitBlot
788,Nadeo
789,RevergeLabs
790,"Terri,Dose,Kitty,andJW"
791,17-Bit
792,DieGuteFabrik
793,French-Bread
794,WiredProductions
795,"PipeworksSoftware,Inc.,Re-Logic"
796,"DigitalEclipse,SNK"
797,GameDesignDan
798,AmplitudeStudios
799,KonamiComputerEntertainmentHawaii
800,ProbeEntertainmentLimited
801,GSCGameWorld
802,TangoGameworks
803,StudioPixel
804,LabZeroGames
805,UberEntertainment
806,ActionButtonEntertainment
807,LudopiumGmbH
808,Fabraz
809,DumbandFatGames
810,StormfrontStudios
811,WowEntertainment
812,PantherGames
813,Eighting/Raizing
814,14DegreesEast
815,"DimpsCorporation,SonicTeam"
816,"GearboxPublishing,TurnMeUpGames"
817,IllwinterDesignGroup
818,OvertheTopGames
819,"SeavenStudio,GuardCrushGames,Lizardcube"
820,Gameloft
821,"NamcoBandaiGamesAmerica,NamcoBandaiGames"
822,QCFDesign
823,HeadstrongGames
824,4HeadStudios
825,Velez&Dubail
826,LiquidEntertainment
827,"MetanetSoftwareInc.,SilverBirchStudios"
828,Technocrat
829,"MilestoneS.r.l,DornaSportsS.L."
830,EasyGameStation
831,FullFat
832,WhitePaperGames
833,TheAstronauts
834,DeadMage
835,CounterplayGames
836,"RonGilbertandGaryWinnick,TerribleToybox"
837,Microids
838,Celeris
839,"Sega,BackboneEntertainment"
840,EagleDynamics
841,KatauriInteractive
842,RedCerberus
843,"FatsharkAB,Fatshark"
844,"Nintendo,NdCube"
845,NovaLogic
846,HaemimontGames
847,"Haemimont,HaemimontGames"
848,WaywardSimulations
849,Sun-Tec
850,ColdwoodInteractive
851,AntimatterGames
852,Reptile
853,1stPlayableProductions
854,"NintendoEADTokyo,NintendoSoftwareTechnology"
855,PhoenixLabs
856,YsbrydGames
857,BlueTongueEntertainment
858,"GregLobanov,DumbandFatGames"
859,"CriterionGames,STELLARENTERTAINMENTSOFTWARELTD"
860,KaizenGameWorks
861,"ArvoreImmersiveExperiences,LLC"
862,6EyesStudio
863,CarbineStudios
864,U.S.Army
865,TotallyGames
866,Vivarium
867,SmokingCarProductions
868,VooFooStudios
869,MojoBones
870,EyebrowInteractive
871,Messhof
872,BaroqueDecay
873,PressPlay
874,RayarkInc.
875,DigitalDreams
876,FreebirdGames
877,PeopleCanFly
878,CareerSoft
879,HerInteractive
880,DavidA.PalmerProductions
881,HarebrainedSchemesLLC
882,SubatomicStudios
883,GaijinEntertainment
884,"Nintendo,HeadstrongGames"
885,SMGStudio
886,NightSchoolStudio
887,TorusGames
888,Gazillion
889,RainGames
890,GunfireGames
891,superflatgames
892,Mi'pu'miGames
893,MicrosoftGameStudiosJapan
894,NATSUMEATARIInc.
895,AggroCrab
896,VladimirFedyushkin
897,SketchyLogic
898,GraceBruxner
899,ArtifexMundi
900,MagicDesignStudios
901,SaberInteractive
902,CulticGames
903,DeckNineGames
904,Triternion
905,AbrakamSA
906,AbstractionGames
907,A44
908,SierraEntertainment
909,ITL
910,REDEntertainment
911,FlyhighWorks
912,SkookumArtsLLC
913,SignalStudios
914,HarvesterGames
915,PaperCult
916,SouthendInteractive
917,StrangeLoopGames
918,CarbonatedGames
919,Retroid
920,"SCE/WWS,SCEJapanStudio"
921,StainlessSteelStudios
922,PiranhaBytes
923,TroikaGames
924,"Relic,Sega,RelicEntertainment"
925,Neverland
926,"DataEast,DotEmu"
927,ArmatureStudio
928,HouseHouse
929,MassMedia
930,SNKCorporation
931,BeardEnvy
932,PanicButton
933,TheVoxelAgents
934,Nerial
935,CardboardUtopia
936,NoClip
937,EdenIndustries
938,TripwireInteractive
939,Phantagram
940,"InfiniteDreams,Paragon5"
941,FireFlyStudios
942,Artoon
943,"EurocomEntertainmentSoftware,Eurocom"
944,RecoilGames
945,FourDoorLemon
946,SkydanceInteractive
947,DejobaanGames
948,"17Bit,17-Bit"
949,Nurijoy
950,CharmGames
951,"AbstractionGames,RonimoGames"
952,NintendoSoftwareTechnology
953,Nnooo
954,AwfullyNiceStudios
955,"SquareEnix,ThinkandFeel"
956,ProjectSoul
957,CherryPopGames
958,5THCell
959,DisneyInteractiveStudios
960,FlyingLabSoftware
961,EurocomEntertainmentSoftware
962,FlyingLegends
963,BlueByte
964,"JW,Kitty,Jukio,andDom"
965,"FinalFormGames,LLC"
966,VoidStarCreations
967,"Konami,M2"
968,IronTowerStudio
969,NoCode
970,CowboyRodeo
971,VeewoGames
972,MonomiPark
973,"ApplicationSystemsHeidelbergSoftwareGmbH,ApplicationSystemsHeidelberg"
974,TheArtistocrats
975,AcclaimStudiosAustin
976,DoubleHelixGames
977,TremorEntertainment
978,"Team17,TwoTribes"
979,"PlaysportGames,PlaysportGamesLtd"
980,DeadToastEntertainment
981,Route59Games
982,"RockstarToronto,RockstarLeeds"
983,DigitalReality
984,"TeamNinja,Tecmo"
985,"BandaiNamcoGames,QLOC"
986,SharkbombStudios
987,MoonshineStudios
988,LinceWorks
989,SpookyDoorway
990,FlightSchoolStudio
991,"Wargaming.net,LestaStudio"
992,GhostfireGames
993,505Games
994,Rebellion
995,TrendyEntertainment
996,MONKEYCRAFTCo.Ltd.
997,JoysteakStudios
998,TimConkling
999,"MicrosoftGameStudios,Microsoft"
1000,Mediatonic
1001,FrimaStudio
1002,34BigThings
1003,WholesaleAlgorithms
1004,DakkoDakko
1005,989Sports
1006,Stormregion
1007,KnapNokGames
1008,"NordicGamesPublishing,Kaiko"
1009,SickPuppies
1010,VisualSciences
1011,BlackOpsEntertainment
1012,HollowPondsandRichardHogg
1013,RelentlessSoftware
1014,ONEMORELEVEL
1015,"Relic,RelicEntertainment"
1016,NordicGamesPublishing
1017,"BethesdaSoftworks,DireWolfDigital"
1018,ProjectAces
1019,frecleApS
1020,"MadDocSoftware,RockstarVancouver"
1021,Codeglue
1022,Clever-Plays
1023,FeverPitchStudios
1024,GrimloreGames
1025,OstrichBanditos
1026,"SteelWoolGames,Inc.,SteelWoolGames"
1027,MikeBithell
1028,TerminalReality
1029,"Nintendo,SFBGames"
1030,machineboy
1031,HemisphereGames
1032,"UnknownWorldsEntertainment,PanicButton"
1033,AvalancheSoftware
1034,Tri-Crescendo
1035,SecretLocation
1036,"SCEE,ZoeMode"
1037,"NaughtyDog,SonyBend"
1038,PastaGames
1039,UbisoftReflections
1040,TributeGames
1041,CrazyMonkeyStudios
1042,OverhypeStudios
1043,MotiveStudios
1044,Pyramid
1045,"GameArts,GungHo,SkyBoxLabs"
1046,RedBarrels
1047,"ArcenGames,LLC"
1048,Spellbound
1049,CaracalGames
1050,DaedalicEntertainment
1051,CyberConnect2
1052,MidBoss
1053,"Tendershoot,AJollyCorpse"
1054,AcidWizardStudio
1055,GratuitousGames
1056,TechnoSoft
1057,IronLoreEntertainment
1058,"Introversion,DoubleEleven"
1059,Nigoro
1060,"RavenSoftware,Beenox"
1061,Dreadbit
1062,EAPhenomic
1063,ChessBase
1064,"AtlusCo.,Atlus"
1065,Fluent
1066,"VenanEntertainment,CashmereProd."
1067,"ClimaxGroup,ClimaxStudios"
1068,PillowCastleGames
1069,Applava
1070,"HighVoltageSoftware,TheBeardedLadiesConsulting"
1071,"JackboxGames,Inc."
1072,Demimonde
1073,"Nintendo,synSophia"
1074,WildTangent
1075,Cosmigo
1076,ShiroGames
1077,"BlackIsleStudios,Beamdog,OverhaulGames"
1078,InfiniteStateGames
1079,OwnedbyGravity
1080,Wargaming.net
1081,TeamOneshot
1082,XonaGames
1083,Spike
1084,GhostGames
1085,CycloneZero
1086,"EASports,EACanada"
1087,BlueCastleGames
1088,Deconstructeam
1089,ThePixelHunt
1090,@unepic_fran
1091,NinjaBee
1092,MadFellowsLtd
1093,Koei
1094,TheLordzGamesStudio
1095,SegaAM3
1096,"Atlus,StudioZero"
1097,BestWay
1098,"CastlePixel,LLC."
1099,HotheadGames
1100,PolygonMagic
1101,AdelineSoftware
1102,EASaltLake
1103,IndieBuilt
1104,"Mistwalker,Artoon"
1105,BulkheadInteractive
1106,Piccolo
1107,Take-TwoInteractive
1108,MassiveMonster
1109,TTFusion
1110,SmartBombInteractive
1111,EldenPixels
1112,HBStudiosMultimedia
1113,EdKeyandDavidKanaga
1114,LeCartelStudio
1115,LeagueofGeeks
1116,TekuStudios
1117,NetherockLtd.
1118,ChrisSawyer
1119,"N-FusionInteractiveEntertainmentCorp.,iNKStories"
1120,NakedSkyEntertainment
1121,SarbakanInc.
1122,SurrealSoftware
1123,ChronicLogic
1124,CreSpirit
1125,"BizarreCreations,KujuEntertainment"
1126,KoeiTecmoGames
1127,BackwoodsEntertainment
1128,BreakAwayGames
1129,ClockworkGames
1130,Mattel
1131,SquanchGames
1132,CarbonStudio
1133,Ankama
1134,Respondesign
1135,DavidOReilly
1136,"Various,D3TLimited"
1137,XLGAMES
1138,Alientrap
1139,Denki
1140,"DeadMageStudio,DeadMage"
1141,AksysGames
1142,NeocoreGames
1143,Frogmind
1144,MilkstoneStudios
1145,CyanWorlds
1146,RageSoftware
1147,AcclaimStudiosCheltenham
1148,Hitbox
1149,MadDocSoftware
1150,"IoInteractive,NixxesSoftware"
1151,EdgeCaseGames
1152,Turnfollow
1153,Ripstone
1154,"Questionary,Question"
1155,"SonyInteractiveEntertainment,FirstContactEntertainment"
1156,SNKPlaymore
1157,"HarmonixMusicSystems,BackboneEntertainment"
1158,TaleofTales
1159,PuppyGames
1160,Irem
1161,HighVoltageSoftware
1162,Genki
1163,ImpactGameworks
1164,BlueWizardDigital
1165,Puuba
1166,FoamSword
1167,LuckyMountainGames
1168,Hazelight
1169,GearsforBreakfast
1170,ArtinHeart
1171,UbisoftRomania
1172,IronOakGames
1173,RelatedDesigns
1174,THEBROTHERHOOD
1175,TurnMeUpGames
1176,KheopsStudio
1177,SCSSoftware
1178,DoctorEntertainment
1179,CrankyPantsGames
1180,RowanSoftwareLtd.
1181,NeatCorporation
1182,cleaversoft
1183,IvyGamesLLC
1184,PixelnestStudio
1185,RichardHofmeier
1186,KerberosProductions
1187,ToseSoftware
1188,ErikSvedang
1189,Vanguard
1190,PenduloStudios
1191,"Tencent,TencentGames"
1192,HighMoonStudios
1193,CrunchingKoalas
1194,FabledGame
1195,BigBadWolf
1196,EnigmaSoftwareProductions
1197,DevolverDigital
1198,CreatStudios
1199,fyto
1200,EAMontreal
1201,OverkillSoftware
1202,SupermassiveGames
1203,RockstarLondon
1204,GaslampGames
1205,AirtightGames
1206,RocketcatGames
1207,MixMax
1208,DigitalMayhem
1209,ArtificeStudio
1210,"ImageEpoch,Imageepoch"
1211,FirebrandGames
1212,"3DRealms,Voidpoint,LLC"
1213,JoyMasher
1214,Doinksoft
1215,AurelienRegard
1216,RobotHouse
1217,Sushee
1218,DreamRift
1219,NetDevil
1220,ZedTwoLimited
1221,MalfadorMachinations
1222,FuseGamesLimited
1223,"SpikeChunsoft,ZEXcorporation"
1224,"Proletariat,Inc."
1225,ACETeam
1226,Blyts
1227,CipherPrime
1228,TomHegarty
1229,LoveshackEntertainment
1230,"Bulkypix,ForgeReply"
1231,VenomGames
1232,sebagamesdev
1233,nDreams
1234,Fizbin
1235,TheGentlebros
1236,"AscaronEntertainmentGmbH,AscaronEntertainment"
1237,Nfusion
1238,Nexon
1239,AtomicGames
1240,NoiseFactory
1241,UltraUltra
1242,TitanStudios
1243,W!Games
1244,Flight-Plan
1245,"idSoftware,PanicButton"
1246,Nyamakop
1247,SierraOnline
1248,Sandlot
1249,"SNKPlaymore,SNKCorporation"
1250,"ElectronicArts,EATiburon"
1251,Flippfly
1252,BigbigStudios
1253,HIPSTERWHALE
1254,Hangar13
1255,AwesomeGamesStudio
1256,InkKit
1257,PlugInDigital
1258,"Housemarque,KnockoutGames"
1259,WanakoStudios
1260,"TheFullbrightCompany,Fullbright"
1261,Anarteam
1262,BlackbirdInteractive
1263,"TeamBondi,Virtuos"
1264,FiddlesticksGames
1265,Auran
1266,PixelReef
1267,TornBannerStudios
1268,"PanicButton,MachineGames"
1269,"Codemasters,FeralInteractive"
1270,Yak&Co
1271,"RainGames,Soedesco"
1272,"MonteCristoMultimedia,MonteCristo"
1273,MagicRings
1274,SoftwareCreations
1275,CAProduction
1276,GarageGames
1277,SpacewaveSoftware
1278,ROCKFISHGames
1279,SeedInteractive
1280,UndeadLabs
1281,TerriVellimann
1282,Kylotonn
1283,CtrlAltNinjaLtd.
1284,"ArcSystemWorks,TOYBOX"
1285,"Techland,ONEMORELEVEL"
1286,Fullbright
1287,"Konjak,MP2Games"
1288,GoldenRubyGames
1289,Beatshapers
1290,PetriPurho
1291,FlyingWildHog
1292,SpiderMonk
1293,SideBarGames
1294,SkyGoblin
1295,RitualEntertainment
1296,Compile
1297,"SpaceDustStudios,VarkianEmpire"
1298,GeniusSonorityInc.
1299,DefinitiveStudios
1300,LightbulbCrew
1301,MightyPolygon
1302,OverhaulGames
1303,Spiders
1304,RageSquid
1305,ResolutionGames
1306,Cave
1307,InfernoGames
1308,T&ESoft
1309,VictorInteractiveSoftware
1310,MooneyeStudios
1311,"EACanada,EAVancouver"
1312,Mistwalker
1313,"NekoNyanLtd.,Sprite"
1314,TeamSalvato
1315,"HighMoonStudios,MercenaryTechnologies"
1316,AlexRose
1317,ArkedoStudio
1318,"NetherRealmStudios,ShiverGames"
1319,Sparpweed
1320,ComputerArtworks
1321,5-BitsGames
1322,SunstormInteractive
1323,KCEA
1324,Mobile21
1325,SquareOneGames
1326,NollaGames
1327,ClockStoneSoftware
1328,Knuist&Perzik
1329,Vogster
1330,NewWorldInteractive
1331,"BenedictFritz,aeiowu,TeamTumbleSeed"
1332,JohammTael&MihkelTael
1333,GriptoniteGames
1334,BuckshotSoftware
1335,BulwarkStudios
1336,Afterburn
1337,CyberloreStudios
1338,IdolMinds
1339,Deck13
1340,WideloadGamesInc.
1341,Trapdoor
1342,"MediaVision,Contrail"
1343,JumpOverTheAge
1344,FireproofGames
1345,PridefulSloth
1346,FictionFactoryGames
1347,PMStudiosInc.
1348,ChoiceProvisions
1349,PaperSeven
1350,SpotlightorInteractive
1351,STELLARENTERTAINMENTSOFTWARELTD
1352,ARCEntertainment
1353,ThreeRings
1354,Taldren
1355,RealityPump
1356,HopFrog
1357,JoeRichardson
1358,Mekensleep
1359,SpectreVision
1360,PanicBarnLtd
1361,Firesprite
1362,MixedBag
1363,TheBeardedLadiesConsulting
1364,NuminousGames
1365,GripDigital
1366,TicTocGames
1367,SunflowersInteractive
1368,NECInterchannel
1369,"AngelStudios,RockstarSanDiego"
1370,BlitzGames
1371,Epos
1372,Untame
1373,GuerillaCambridge
1374,ZeboydGames
1375,Kalypso
1376,"Coilworks,DoubleEleven"
1377,TurtleBlaze
1378,MidwayStudios-LosAngeles
1379,ToxicGames
1380,SoldOut
1381,InfinityPlus2
1382,SpiderwebSoftware
1383,"IronNosCo.,Ltd."
1384,"QuanticDream,Virtuos"
1385,SneakyBastards
1386,ApplicationSystemsHeidelberg
1387,MichaelToddGames
1388,ExtendInteractive
1389,SystemPrisma
1390,"24CaratGames,24CaretGames"
1391,InnerspaceVR
1392,"CremaGames,CremaGames"
1393,MadMonkeyStudio
1394,MobiusEntertainment
1395,TopWareInteractive
1396,LimbicEntertainment
1397,"Inti,IntiCreates"
1398,"SquareEnix,Xeen"
1399,EndnightStudios
1400,AlfaSystem
1401,Morbidware
1402,ArchiactInteractiveLtd.
1403,IgnitionEntertainment
1404,GameRepublic
1405,"Ecole,French-Bread"
1406,"SonyOnlineEntertainment,DaybreakGames"
1407,CodoGames
1408,ShiftingTides
1409,HeartBeat
1410,"DMMGAMES,OnionGames"
1411,"Nintendo,PaladinStudios"
1412,BeauBlyth
1413,NCSOFT
1414,CapcomVancouver
1415,TaleworldsEntertainment
1416,"TequilaWorks,QLOC"
1417,AtomicElbow
1418,SkipLtd.
1419,MagicPockets
1420,SCEE
1421,TakumiCorporation
1422,"Ubisoft,RedStormEntertainment"
1423,EtrangesLibellules
1424,EastshadeStudios
1425,"VicariousVisions,ToysforBob"
1426,ForgeReply
1427,GatoSalvajeStudio
1428,MasquePublishing
1429,animdude
1430,SportsMogul
1431,ButterscotchShenanigans
1432,Unfrozen
1433,TheChineseRoom
1434,MohawkGames
1435,HiddenLayerGames
1436,"DanielWynne,BirdBathGames"
1437,"SCEI,ClapHanz"
1438,SomethingClassicGamesLLC
1439,synSophia
1440,"RedWinterSoftwareLimited,RedWinterSoftware"
1441,S-Neo
1442,SolWorks
1443,G.Rev
1444,FunselektorLabsInc.
1445,VertexPop
1446,odenisstudio
1447,"Camouflaj,LLC"
1448,PomPomGames
1449,OwlchemyLabs
1450,LightBoxInteractive
1451,PixelatedMilk
1452,GamingMindsStudios
1453,NekoEntertainment
1454,"Capcom,PipeworksSoftware,Inc."
1455,StarQuail
1456,SEGARacingStudio
1457,"RocketPunchGames,ChinaHeroProject"
1458,Manufacture43
1459,TindalosInteractive
1460,EventHorizonSoftware
1461,HeadupGames
1462,MyDogZorro
1463,BaconBanditGames
1464,"Atari,MicroProse,AtariSA"
1465,PointofView
1466,MarvelousInc.
1467,HeadfirstProductions
1468,ClifftopGames
1469,Frogwares
1470,InfiniteMonkeys
1471,CoffeeStainStudios
1472,TuqueGames
1473,"SoldOut,MothershipEntertainment"
1474,DoubleDamageGames
1475,"RovioMobile,AbstractionGames,RovioEntertainment"
1476,HimalayaStudios
1477,Bullets
1478,LogicArtists
1479,"SonyOnlineEntertainment,MindControlSoftware"
1480,CoatsinkSoftware
1481,2By3Games
1482,ArgonautGames
1483,Darkworks
1484,Hal
1485,NumantianGames
1486,iNKStories
1487,BlackForestGames
1488,OnionGames
1489,PaulCuisset
1490,BedtimeDigitalGames
1491,Ravenscourt
1492,"ArmorGames,AtmosGames"
1493,FlyingTigerDevelopment
1494,"THQ,1C,1CEntertainment"
1495,Ancient
1496,MouldyToofStudios
1497,STUDIOEVIL
1498,WZOGI
1499,TheGameBakers
1500,i-illusions
1501,DestructiveCreations
1502,CreepyJar
1503,DigixartEntertainment
1504,DinosaurPoloClub
1505,"Luxoflux,Inc."
1506,JesterInteractive
1507,"GamesFarm,GamesFarms.r.o."
1508,Nitrome
1509,LudosityInteractive
1510,ReflexiveEntertainment
1511,Wispfire
1512,Arika
1513,HumbleBundle
1514,DancingDragongames
1515,Mithis/HDInteractive
1516,OsmoticStudios
1517,PixelToys
1518,RisingStarGames
1519,Atari
1520,GhostSharkGames
1521,BlueBottleGames
1522,DarkwindMedia
1523,BatterystapleGames
1524,MagellanInteractive
1525,KeokeNInteractive
1526,MinorKeyGames
1527,SquareEnixMontreal
1528,EchodogGames
1529,"JugglerGames,JugglerGames/CrunchingKoalas"
1530,BlackPantsStudio
1531,TripleEh?Ltd
1532,GoodbyeGalaxyGames
1533,Ice-PickLodge
1534,neoqb
1535,Jellyvision
1536,PaonCorporation
1537,SideQuestStudios
1538,AlienAfterAll
1539,Examu
1540,"ProjectAces,QLOC"
1541,Sting
1542,AnimationArts
1543,OberonMedia
1544,"idSoftware,NightDiveStudios"
1545,FreakZone
1546,BlackSeaStudios
1547,HumongousEntertainment
1548,SNK
1549,AlawarPremium
1550,TeamGotham
1551,EKOSoftware
1552,QueasyGames
1553,BlackHoleGames
1554,TesseractionGames
1555,"SCEJapanStudio,comcept"
1556,"505Games,KeenGames"
1557,LightningRodGames
1558,TheWanderingBen
1559,UrniqueStudio
1560,PixelNAUTS
1561,M-Two
1562,Suzak
1563,PitbullSyndicate
1564,TurtleRockStudios
1565,Invictus
1566,2KAustralia
1567,MirageGameStudios
1568,BlackLabGames
1569,"idSoftware,NerveSoftware"
1570,SmudgedCatGames
1571,"Gamethunks,GoldhawkInteractive"
1572,"FatsharkAB,NordicGamesPublishing"
1573,PygmyStudio
1574,K-DLab
1575,Hypnotix
1576,KnowWonder
1577,Will
1578,BenEsposito
1579,Hinterland
1580,[bracket]games
1581,"VicariousVisions,NeversoftEntertainment"
1582,LegacyInteractive
1583,StormindGames
1584,PhoenixOnlineStudios
1585,Cinemax
1586,BlueholeStudio
1587,Dingaling
1588,"Chucklefish,HopooGames"
1589,"Yuke's,VisualConcepts"
1590,NtreevSoft
1591,ArtificialMindandMovement
1592,MarvelousEntertainment
1593,"Level5,MillenniumKitchen"
1594,KO-OP
1595,Paperashstudio
1596,AREA35
1597,"SquareEnix,h.a.n.d.Inc.,JupiterCorporation"
1598,"DTPEntertainment,RonimoGames"
1599,D'AvekkiStudiosLimited
1600,CreativeBytes
1601,SwingSwingSubmarine
1602,AwesomeDevelopments
1603,Pocketeers
1604,ShadowPlanetProductions
1605,PlayfulCorp.
1606,AccessGames
1607,"nifflas,NifflasGames"
1608,MostWantedEntertainment
1609,"BossKey,BossKeyProductions"
1610,"MassiveDamage,Inc."
1611,Henchman&Goon
1612,Squad
1613,PacificCoastPower&Light
1614,VanguardGames
1615,EidosInteractive
1616,R8Games
1617,"BEAUTIFUNGAMESSL,BeautiFunGames"
1618,"Atlus,DingoInc."
1619,Yager
1620,TheQuantumAstrophysicistsGuild
1621,"GRIN,UbisoftParis"
1622,SoftWarWare
1623,"YCJY,YCJYGames"
1624,S2Games
1625,Contingent99
1626,IRGurusInteractiveLtd.
1627,LSP
1628,Sperasoft
1629,BlitzArcade
1630,xiigames
1631,"PanicButton,RunicGames"
1632,Ovosonico
1633,NineDotsStudio
1634,MagicalTimeBean
1635,Zallag
1636,BeatnikGames
1637,SensorySweep
1638,"HarmonixMusicSystems,DemiurgeStudios"
1639,"SecretSorcery,SECRETSORCERYLIMITED,SecretSorceryTowers"
1640,GlassRevolver
1641,ChilledMouse
1642,Bombservice
1643,PhobiaGameStudio
1644,btf
1645,Duckbridge
1646,IRGurus
1647,"TeamNinja,KoeiTecmoGames"
1648,"MatrixSoftware,HappinetCorporation"
1649,HumanatureStudios
1650,UrbanGames
1651,CryoInteractive
1652,ColdSymmetry
1653,OverTheMoon
1654,KeysFactory
1655,SaturnineGames
1656,GUTSDepartment
1657,TreeFortressGames
1658,"LandFallGames,LandFall"
1659,"Natsume,MarvelousEntertainment"
1660,"NeversoftEntertainment,Beenox"
1661,PolygonTreehouse
1662,MatiasSchmied
1663,LaMoutarde
1664,"VicariousVisions,IronGalaxyStudios"
1665,PasstechGames
1666,KoalabsStudio
1667,ScoreStudios
1668,"SNKPlaymore,Hamster"
1669,MattKap
1670,CrazyVikingStudios
1671,"Sega,SegaSportsR&D"
1672,UbisoftBulgaria
1673,DigitalFiction
1674,Warthog
1675,SparkUnlimited
1676,EatSleepPlay
1677,DotEmu
1678,WitchingHourStudios
1679,SirlinGames
1680,"HBStudiosMultimedia,MaximumGames"
1681,RedPhantomGames
1682,NumskullGames
1683,RatloopAsiaPteLtd
1684,h.a.n.d.Inc.
1685,"tinyBuild,DoMyBestGames"
1686,Mode4
1687,ChanceAgency
1688,Magicpot
1689,Doublesix
1690,AnsimuzGames
1691,Cyanide
1692,"Sega,Xeen"
1693,Outerlight
1694,BossKeyProductions
1695,WarhorseStudios
1696,StorminaTeacup
1697,LostToys
1698,TyphoonStudios
1699,"Sectordub,22ndCenturyToys"
1700,AGEOD
1701,"TetrisOnline,Inc"
1702,NexEntertainment
1703,AdrianLazar
1704,LaCosaEntertainment
1705,Motiga
1706,THQ
1707,AHEARTFULOFGAMES
1708,TerriblePostureGames
1709,TheMolassesFlood
1710,LovableHatCult
1711,MumboJumbo
1712,10tons
1713,SpacesofPlay
1714,MarvelousAQL
1715,"GearboxSoftware,WayForward"
1716,OneBitBeyond
1717,CranberryProduction
1718,SuperVillainStudios
1719,"TributeGames,TributeGamesInc."
1720,SoldakEntertainment
1721,YCJYGames
1722,AquaPlus
1723,PortaPlay
1724,LukasNavratil
1725,KubatSoftware
1726,Powerhoof
1727,Question
1728,JesseMakkonen
1729,StudioSaizensen
1730,MediaVision
1731,"Nintendo,IntelligentSystems"
1732,WBGamesMontreal
1733,ININGames
1734,"KromeStudios,ScreenlifeGames"
1735,Kadokawa
1736,"MileStoneInc.,MilestoneS.r.l"
1737,PhobosLab
1738,7thChord
1739,MidwayStudios-SanDiego
1740,CompileHeart
1741,"SCEA,ZindagiGames"
1742,MerjMedia
1743,RedFlyStudio
1744,"Sega,d3tLtd"
1745,"GameraGames,GameraInteractive"
1746,Synetic
1747,ZoonamiLtd.
1748,ThetaDivision
1749,CockroachInc.
1750,"GunfireGames,Kaiko"
1751,AlterGames
1752,"Capcom,KleinComputerEntertainment"
1753,NicolasMeyssonnier
1754,BlackPants
1755,CaviaInc.
1756,MidwayStudios-Austin
1757,NightDiveStudios
1758,EmptyClipStudios
1759,FrogCitySoftware
1760,"StrikeVectorTeam,RagequitCorporation"
1761,"BigSandwichGames,Inc."
1762,Lo-FiGames
1763,RedBlueGames
1764,AbbeyGames
1765,"DTPEntertainment,CranberryProduction"
1766,PixelArts
1767,Polyslash
1768,"SNKCorporation,SafariGames"
1769,"DoubleDamageGames,Inc.,DoubleDamageGames"
1770,"ChillingoLtd,ChillingoLtd.,Chillingo"
1771,WebfootTechnologies
1772,WarmLampGames
1773,5LivesStudios
1774,RocketBearGames
1775,HoneyslugLtd
1776,FatbotGames
1777,"SquareEnix,PopCap"
1778,"MonolithSoft,NamcoBandaiGames"
1779,"WillO'Neill,WZOGames"
1780,ContrabandEntertainment
1781,Sloclap
1782,ShockwaveProductions
1783,RunnerDuck
1784,BigBoatInteractive
1785,ZombieStudios
1786,FalconDevelopment
1787,"PlatinumGames,NUDEMAKER,Y.K."
1788,BrightFutureGmbH
1789,AlteredMatter
1790,"MonolithProductions,TimeGateStudios"
1791,"EADICE,DangerClose"
1792,ElixirStudios
1793,LanternStudio
1794,Necrophone
1795,CarlosCoronado
1796,"Lancarse,Atlus"
1797,Racjin
1798,E-LineMedia
1799,LegendEntertainment
1800,ReignBros
1801,PwneeStudios
1802,EABrightLight
1803,"Nintendo,VelanStudios"
1804,"IzanagiGames,TooKyoGames"
1805,BraveatNight
1806,UnboundCreations
1807,EXORStudios
1808,UppercutGamesPtyLtd
1809,Bulbware
1810,AshdarGames
1811,TorchedHill
1812,"Sega,French-Bread"
1813,Cross-Product
1814,ScientificallyProven
1815,HappyHappening
1816,EASeattle
1817,BossGameStudios
1818,"TerminalReality,4mmGames"
1819,"NamcoBandaiGames,Xeen"
1820,"MarvelousInc.,MarvelousFirstStudio"
1821,n-Space
1822,Moss
1823,EmpireOxford
1824,"HumanatureStudios,22ndCenturyToys"
1825,StarGemInc.
1826,AnalgesicProductions
1827,KCEO
1828,PhosfiendSystems
1829,"Activision,Eurocom"
1830,"BLGPublishing,LastChickenGames"
1831,TikipodLimited
1832,"CurveDigitalGames,CurveDigital"
1833,WolfpackStudios
1834,TiltedMill
1835,Fourattic
1836,AltShift
1837,Million
1838,"GameRepublic,JapanStudio"
1839,KaosStudios
1840,NoGoblin
1841,AwesomeStudios
1842,PipeDreamInteractive
1843,TheFarm51
1844,"OmiyaSoft,Jamsworks"
1845,"Nintendo,JupiterCorporation"
1846,RedgrimAB
1847,TokyoRPGFactory
1848,SpicyHorse
1849,PixelOpus
1850,"Milestone,MilestoneS.r.l"
1851,"GhostofaTale,SeithCG"
1852,PlayriseDigital
1853,GreenLavaStudios
1854,TheDigitalLounge
1855,IdeaFactory
1856,ViciousCycle
1857,CharlesUniversity
1858,"FlyingTigerEntertainmentInc.,Squad"
1859,DarklingRoom
1860,"EASports,EATiburon"
1861,PatheaGames
1862,"Artoon,SCEJ"
1863,SpryFox
1864,RealmforgeStudios
1865,Runecraft
1866,ParadoxDevelopment
1867,SpearheadGames
1868,Pinegrow
1869,BeholdStudios
1870,Threaks
1871,"Chucklefish,CardboardRobotGames"
1872,GripGames
1873,Brownies
1874,SuperScarySnakes
1875,"SerenityForge,ThomasBrush"
1876,Soleil
1877,TogeProductions
1878,YukitamaCreativeIndustries
1879,VectorUnitInc.
1880,SCEJ
1881,RadonLabs
1882,Finji
1883,"BlitWorks,Soedesco"
1884,OcelotSociety
1885,Cadenza
1886,LexisNumerique
1887,LeapingLizardSoftwareInc.
1888,RebelActStudios
1889,Bromio
1890,Prope
1891,"AquaPacific,In2Games"
1892,FishingCactus
1893,WeirdBeard
1894,"HumbleBundle,GUTSDepartment"
1895,DeadlineGames
1896,"Buddiez,Inc."
1897,"SCEA,IncognitoInc."
1898,WolfBrewGames
1899,Volcanicc
1900,"TozaiGames,TozaiGames,Inc."
1901,"Dice,DangerClose"
1902,ThirdWaveGames
1903,WXP
1904,"RevivalProductions,LLC"
1905,PinkertonRoadStudio
1906,"RedStormEntertainment,UbisoftMontreal"
1907,KOKOROMI
1908,THQNordic
1909,X.D.NetworkInc.
1910,GamesFarm
1911,"TwoTribes,Mobigame"
1912,8ing/Raizing
1913,HeavyIronStudios
1914,AcidNerve
1915,DreamFactory
1916,PulseEntertainment
1917,"CattleCall,GREZZO,FuRyu"
1918,KaminaDimension
1919,DevespressoGames
1920,BenjaminRivers
1921,CrypticStudios
1922,Pterodon
1923,"SquareEnix,Tri-Ace"
1924,PlausibleConcept
1925,CremaGames
1926,HudsonEntertainment
1927,OwlcatGames
1928,Cybernate
1929,ProtocolGames
1930,MadMinuteGames
1931,ThomasvandenBerg
1932,"Capcom,NeoBardsEntertainment"
1933,ShockworkGames
1934,MobotStudiosLLC
1935,CagedElementInc.
1936,MinMaxGamesLtd.
1937,TwiceDifferent
1938,ClaeysBrothersArts
1939,"ArcSystemWorks,EnjoyUpGames"
1940,HighTeaFrog
1941,MuroStudiosLtd.
1942,UbisoftNadeo
1943,DimBulbGames
1944,Kiloo
1945,UTVIgnitionGames
1946,BorealysGames
1947,"CyberConnect2,Racjin"
1948,"PipeworksSoftware,Inc."
1949,MythicOwl
1950,MonolithofMinds
1951,SystemSoft
1952,Amuze
1953,KoolhausGames
1954,SkilltreeStudios
1955,d3tLtd
1956,"SquareEnix,GREZZO,Xeen"
1957,"KatauriInteractive,KaturiInteractive"
1958,PicaresqueStudio
1959,MadrugaWorks
1960,PixelManiacs
1961,MosaicMask
1962,NorthwayGames
1963,"TeotlStudios,TalawaGames"
1964,Success
1965,StuckInAttic
1966,ArtefactsStudio
1967,BadHabitProductions
1968,tinyBuild
1969,RogueFactor
1970,"BandaiNamcoGames,MarvelousFirstStudio"
1971,RetroAffect
1972,FortTriumphLTD
1973,EclipseGames
1974,Cornfox&Bros.
1975,"idSoftware,RavenSoftware"
1976,SlantSix
1977,Sectordub
1978,1CGameStudios
1979,InvestigateNorthAps
1980,CRI
1981,"Natsume,NATSUMEATARIInc."
1982,NoiseInc.
1983,RatKingEntertainment
1984,"TroglobytesGames,S.L."
1985,QUByteInteractive
1986,Hi-BitStudios
1987,Mi-ClosStudio
1988,GroundingInc.
1989,"Capcom,CapcomVancouver"
1990,ScavengersStudio
1991,"10tonsEntertainment,10tons"
1992,BlackInc.
1993,"RockstarSanDiego,RockstarLeeds"
1994,"UbisoftMontreal,FunHouse"
1995,ACrowdofMonsters
1996,Skipmore
1997,SkyBoxLabs
1998,KramsDesign
1999,BeautifulGlitch
2000,DigitalCybercherries
2001,KleinComputerEntertainment
2002,BunkashaPublishing
2003,CattleCall
2004,LamplightStudios
2005,Nemesys
2006,TyTaylorandMarioCastaneda
2007,InfinitapGames
2008,Crispy's
2009,VariableState
2010,CCCP
2011,PiranhaGames
2012,SnowbirdGameStudios
2013,IllusionRayStudio
2014,"TTGames,TTFusion"
2015,"CCP,CCPGames"
2016,PukkaGames
2017,Nihilistic
2018,PiecesInteractive
2019,SuperBotEntertainment
2020,NowProduction
2021,HeadbangClub
2022,ChromaticGames
2023,"MonsterGamesInc.,704Games"
2024,OmiyaSoft
2025,Felistella
2026,AndamiroU.S.A.Corp.
2027,SpookySquidGames
2028,Ironward
2029,"EALA,DreamworksGames"
2030,NGDStudios
2031,Sanritsu
2032,RuariO'Sullivan
2033,ShiningPixelStudios
2034,BigPixelStudios
2035,CreativeForgeGames
2036,HighHorseEntertainment
2037,LoveConquersAllGames
2038,JalecoEntertainment
2039,DreamCatcherInteractive
2040,BeepIndustries
2041,IONLANDS
2042,"PuppyGames,CarbonGames"
2043,AtooiLLC
2044,"Ubisoft,SensorySweep"
2045,PearlAbyss
2046,"MediaMolecule,UnitedFrontGames"
2047,SantaRagione
2048,Bongfish
2049,HappyRayGames
2050,StageClearStudios
2051,RealtaEntertainmentGroup
2052,CleverBeans
2053,JamesInteractive
2054,BrainseedFactory
2055,Relevo
2056,Psikyo
2057,"Shift,QLOC"
2058,LazyBearGames
2059,Ganbarion
2060,"Rebellion,NeversoftEntertainment"
2061,GiantsSoftware
2062,PunchPunkGames
2063,"CyberConnect2,NamcoBandaiGames"
2064,FluffyLogic
2065,BigAntStudios
2066,AmazeEntertainment
2067,TunnelVisionGames
2068,WarnerBros.InteractiveEntertainment
2069,CoconutIslandGames
2070,FunBits
2071,GameSauce
2072,GungHo
2073,UltraRunawayGames
2074,CubeRoots
2075,InstantKingdom
2076,SennariInteractive
2077,BlackCactus
2078,RFXInteractive
2079,1C-Softclub
2080,Hap
2081,MovingPlayer
2082,Lazy8Studios
2083,SwordfishStudios
2084,"RocksteadyStudios,Virtuos"
2085,"Level5,BrownieBrown"
2086,UpperOneGames
2087,"DimpsCorporation,SCEJapanStudio"
2088,"SaberInteractive,DarkSeasGames,EQGames"
2089,"Capcom,Bullets"
2090,Hydravision
2091,Mitchell
2092,"YoungHorses,Inc"
2093,JeppeCarlsen
2094,CausalBitGames
2095,PivotalGames
2096,Minds-EyeProductions
2097,Lienzo
2098,NoBrakesGames
2099,Pelikan13
2100,IvoryTower
2101,"RudolfKremers,AlexMay"
2102,PrivateMoonStudios
2103,"Team17,MouldyToofStudios"
2104,OssianStudios
2105,"UbisoftParis,UbisoftMontpellier"
2106,BoxedDream
2107,LaPlata
2108,"RedBlueGames,LLC,RedBlueGames"
2109,"Playbrains,FuelIndustries"
2110,7Studios
2111,AI
2112,"CityInteractive,Deck13"
2113,GamesWorkshop
2114,FinalStrikeGames
2115,WalesInteractiveLtd.
2116,ShiningRockSoftware
2117,"Ubisoft,FunHouse"
2118,ExperienceInc.
2119,"JacobAntonucci,GoneNorthGames"
2120,InconspicuousCreations
2121,"EpicGames,SplashDamage,TheCoalition"
2122,"SoldOutSoftware,MothershipEntertainment"
2123,VagabondDog
2124,LeonardMenchiari
2125,HappyVolcano
2126,Gamepires
2127,"AsmikAceEntertainment,Inc"
2128,NicelyCrafted
2129,Sacnoth
2130,"Spike,NamcoBandaiGames"
2131,JunctionPoint
2132,"SNK,CodeMysticsInc.,SNKCorporation"
2133,JutsuGames
2134,GastronautStudios
2135,"SnowCastleGames,CrossFunction"
2136,Parabole
2137,TFLStudios
2138,LittleGreenMen
2139,"Camouflaj,LLC,SonyInteractiveEntertainment"
2140,"idSoftware,AvalancheStudios"
2141,"Cyanide,CyanideStudios"
2142,MuHaGames
2143,"AdhesiveGames,ReloadedGames"
2144,AlanZucconi
2145,SilverStyle
2146,Gulti
2147,RedThreadGames
2148,Funomena
2149,InterceptorEntertainment
2150,DryCactus
2151,"MajescoGames,ZoeMode,Majesco"
2152,AweInteractive
2153,PeroPeroGames
2154,ElasticGames
2155,Team2Bit
2156,ActionSquadStudios
2157,"ScreenlifeGames,WXP"
2158,FuturemarkGamesStudio
2159,UpstreamArcade
2160,SomaSim
2161,DisneyInteractive
2162,DeibusStudios
2163,Neckbolt
2164,"RawFury,LongHatHouse"
2165,Egosoft
2166,InterabangEntertainment
2167,PlatonicPartnership
2168,FuRyu
2169,EvanTodd
2170,"SanzaruGames,SanzaruGames,Inc."
2171,AstroPort
2172,"Hitbox,QLOC"
2173,RockstarVienna
2174,AcclaimStudiosManchester
2175,Natsume
2176,FuzzyWuzzyGames
2177,PositechGames
2178,"1C,Ino-Co,1CEntertainment"
2179,DifferentTuna
2180,GrundislavGames
2181,FrameInteractive
2182,Murudai
2183,"EACanada,ExientEntertainment"
2184,FeelPlus
2185,ZillionWhales
2186,"Mediatonic,HatoMoa"
2187,TKOSoftware
2188,"FunaticsDevelopmentGmbH,FunaticsSoftware,Funatics"
2189,Infogrames
2190,Activision
2191,"WeirdBeardB.V.,WeirdBeard"
2192,Metronomik
2193,TonsofBits
2194,WBIE
2195,TeamSoho
2196,SCEASportsStudio
2197,JagexGamesStudio
2198,WholeHogGames
2199,"HomebearStudios,HomeBearStudio"
2200,1337&SenriLLC
2201,Eutechnyx
2202,Pixwerk
2203,Snowhydrallc
2204,"VolitionInc.,Kaiko"
2205,"RisingStarGames,BitmapBureau"
2206,C.I.N.I.C.Games
2207,SelfMadeMiracle
2208,TheBaeTeam
2209,MileStoneInc.
2210,UbisoftAnnecy
2211,"SeavenStudio,Brain&Brain"
2212,VividHelix
2213,StygianSoftware
2214,ThingTrunk
2215,"Namco,BandaiNamcoGames"
2216,MaximumGames
2217,BrownieBrown
2218,ConvoyGames
2219,Crafts&Meister
2220,Jo-MeiGames
2221,"UbisoftMontpellier,StraightRight"
2222,DiscordGames
2223,ClimaxEntertainment
2224,EAJapanStudio
2225,CausticReality
2226,"HibernianWorkshop,TheArcadeCrew"
2227,Coilworks
2228,Kaiko
2229,MightandDelight
2230,"DimpsCorporation,NamcoBandaiGames"
2231,KonamiComputerEntertainmentOsaka
2232,PanacheDigitalGames
2233,TwiceCircled
2234,"SpikeChunsoft,Q-Games"
2235,SuperXStudios
2236,Gambrinous
2237,WormwoodStudios
2238,XSGames
2239,Sobaka
2240,HugeCalfStudios
2241,Dan&GaryGames
2242,"HonorCode,Inc."
2243,Division2
2244,"Minority,MinorityMediaInc."
2245,JuiceGames
2246,EmpireInteractive
2247,TomyCorporation
2248,OmniCreativeGroup
2249,Telenet
2250,ValkyrieStudios
2251,"MicrosoftGameStudios,Doublesix"
2252,SandSailorStudio
2253,FastTravelGames
2254,BlueIsleStudios
2255,HammerfallPublishing
2256,OhNoo
2257,TanukiiStudios
2258,Wizarbox
2259,Irisloft
2260,EnjoyUpGames
2261,RoxorGames
2262,BlueFangGames
2263,KaiganGamesOU
2264,BonusXP
2265,BetaDwarf
2266,"EdenStudios,Eden"
2267,PaxSoftonica
2268,Simon&Schuster
2269,"FullControlApS,FullControl"
2270,FAKTSoftware
2271,LuckyPause
2272,GameGrumps
2273,RockPocketGames
2274,AnimaProject
2275,BalancingMonkeyGames
2276,AnkamaGames
2277,HibernianWorkshop
2278,"JustAddWater,SquareOneGames"
2279,Shift
2280,ArxelTribe
2281,SolarSailGames
2282,PentadimensionalGames
2283,SilverWishGames
2284,"iFun4all,CurveDigital"
2285,"NarcosisTeam,HonorCode,Inc."
2286,HUCAST
2287,TheStation
2288,RedRocketGames
2289,CapeCosmic
2290,QubicGames
2291,ArtifactEntertainment
2292,GameTitan
2293,BrendonChung
2294,Morgondag
2295,VD-DEV
2296,inbetweengames
2297,Mebius
2298,SouthPeakGames
2299,XDEV
2300,BishopGames
2301,"LionShield,LLC"
2302,PUBGCorporation
2303,"SeavenStudio,HollowTreeGames"
2304,SamuraiPunk
2305,CrazyBunch
2306,"RareLtd.,DlalaStudios"
2307,WhiteRabbitInteractive
2308,M2H
2309,Plato
2310,Lichthund
2311,"Tecmo,NtreevSoft"
2312,SpikySnailGamesStudio
2313,MarvelousFirstStudio
2314,ReinkoutGames
2315,2AwesomeStudio
2316,SandboxInteractive
2317,COWCAT
2318,NeonStudios
2319,"HasbroInteractive,BlitzGames"
2320,PurpleLampStudios
2321,"UbisoftReflections,IvoryTower"
2322,Tamsoft
2323,Hikergames
2324,"VooFooStudios,BossBaddie"
2325,JGIEntertainment
2326,KromeStudios
2327,ToeJam&EarlProductions
2328,VideoSystem
2329,ZoetropeInteractive
2330,"FallenEarth,LLC"
2331,"Flagship,HALLabs"
2332,"SCESantaMonica,PlasticStudios"
2333,SystemEraSoftworks
2334,BehaviourInteractive
2335,PalindromeInteractive
2336,BossaStudios
2337,ModernDream
2338,Rekim
2339,TACSGames
2340,SunriseInteractive
2341,UltimationInc.
2342,Charybdis
2343,HollowPonds
2344,CardboardBoxEntertainment
2345,Brawsome
2346,"OvertheTopGames,EA2D"
2347,AltarInteractive
2348,"TripwireInteractive,BlindsideInteractive"
2349,IlluminationGames
2350,HandyGames
2351,"IdeaFactory,CompileHeart"
2352,CityInteractive
2353,TeamJunkfish
2354,InteractiveStone
2355,Tinimations
2356,CatnipGames
2357,Mages.
2358,ArtechStudios
2359,3DPeople
2360,CalappaGames
2361,GeetaGames
2362,"Bamtang,GameMillEntertainment"
2363,TerriVellmann&Doseone
2364,PixelPerfex
2365,BrightsideGames
2366,ManaGames
2367,1C:Ino-Co
2368,JoWooDEntertainmentAG
2369,PuzzleKings
2370,"WeappyStudio,THQNordic"
2371,MergeGames
2372,ProxyStudios
2373,Crave
2374,ImpulseGear
2375,imaginarylab
2376,KongOrange
2377,TraxmasterSoftware
2378,MelbotStudios
2379,LozangeLab
2380,"SquareSoft,SquareEnix,ArtePiazza"
2381,CavalierGameStudios
2382,InvestigateNorth
2383,IzHard
2384,AccidentalQueens
2385,Sassybot
2386,RivalGamesLtd
2387,"Nike,Inc."
2388,TeamGrisGris
2389,Various
2390,BokuStrategyGames
2391,LucasLearning
2392,SSI
2393,VISEntertainment
2394,SMACGames
2395,DestroyerStudios
2396,WarnerBros.
2397,VEWOInteractiveInc.
2398,UbisoftChengdu
2399,"ImmersionSoftware&Graphics,TimelineInteractive"
2400,"PipeworksSoftware,Inc.,NeoBardsEntertainment"
2401,Kemco
2402,"CodeMysticsInc.,SNKCorporation"
2403,InterwaveStudios
2404,RunewakerEntertainment
2405,"CrunchingKoalas,Lichthund"
2406,VRESKI
2407,BrezzaSoft
2408,ThomasBrush
2409,Ino-Co
2410,SigtrapGames
2411,TheMeatlyGames
2412,GameTrust
2413,ThirdLawInteractive
2414,"FAKTSoftwareGmBH,FAKTSoftware"
2415,"Tamsoft,BandaiNamcoGames"
2416,AterduxEntertainment
2417,Catch&Release
2418,SilesiaGames
2419,LooseCannonStudios
2420,"MacPlay,MacPlay"
2421,VectorUnit
2422,Newcom
2423,"MatrixSoftware,MarvelousEntertainment"
2424,Detalion
2425,AlkemiGames
2426,WeatherFactory
2427,teamok
2428,"LucasArts,RedFlyStudio"
2429,Bec
2430,"SCEA,HumanatureStudios"
2431,CranberryStudios
2432,NinaiGames
2433,PaintbucketGames
2434,"Shift,BandaiNamcoGames"
2435,Playmind
2436,BonusLevelEntertainment
2437,PerfectHat
2438,"ElectronicArts,EARedwoodShores"
2439,CIGames
2440,MattBitner
2441,ChainsawesomeGames
2442,SabarasaEntertainment
2443,Object
2444,Akella
2445,CircusFreak
2446,UnfinishedPixel
2447,GameraInteractive
2448,PixelCrow
2449,CosmicPicnic
2450,NEOPOPCORNCorp
2451,BarkersCrestStudios
2452,CreaturesInc.
2453,SEKOst
2454,"SonyInteractiveEntertainment,WishStudios"
2455,ProperGames
2456,It'sAnecdotal
2457,WizardFuGames
2458,"TranshumanDesign,CrunchingKoalas"
2459,WinkySoft
2460,HotGen
2461,FlagshipStudios
2462,"JupiterCorporation,JupiterMultimedia"
2463,Straandlooper
2464,UnfoldGames
2465,TranshumanDesign
2466,Unicube
2467,DoubleBearProductions
2468,StudioWildcard
2469,MoonSpiderStudio
2470,RuffianGames
2471,EndgameStudios
2472,IdolFX
2473,Bandai
2474,CreatureLabs
2475,CurlyMonsters
2476,CauldronLtd.
2477,DaybreakGames
2478,KennyCreanor
2479,Saurus
2480,G-mode
2481,StellarJockeys
2482,RedEgoGames
2483,ToyboxGames
2484,TinyHeroGameStudios
2485,"Treyarch,Beenox"
2486,SnowhoundGames
2487,"Treyarch,SledgehammerGames"
2488,Playlogic
2489,ZeroSumGames
2490,"Tamsoft,MarvelousInc."
2491,"SkyboundLLC,SkyboundGames"
2492,VarkianEmpire
2493,klutzGames
2494,"RocksteadyStudios,IronGalaxyStudios"
2495,"GunfireGames,THQNordic"
2496,DrawDistance
2497,FictioramaStudios
2498,"Sega,Nintendo,SegaSportsR&D"
2499,"CrystalDynamics,BuzzMonkeySoftware"
2500,OfficeCreate
2501,AtomTeam
2502,K2LLC
2503,TheWorkshop
2504,DragonSlumber
2505,MoondropStudios
2506,GlobalA
2507,BadlandGames
2508,"CompileHeart,Felistella"
2509,HouseofTales
2510,ShortbreakStudios
2511,SelectiveIntuition
2512,RaylightStudios
2513,IridonInteractiveAB
2514,"ArtificialMindandMovement,EARedwoodShores"
2515,TinManGames
2516,PseudoInteractive
2517,SnapDragonGames
2518,TomaszWaclawek
2519,Blit
2520,"Vanguard,343Industries"
2521,B.B.Studio
2522,Lab42
2523,SpaceMace
2524,VladimirBeletsky
2525,Four5SixPixel
2526,GameSwing
2527,"RideonJapan,Inc.,RideOn"
2528,"M2H,BlackmillGames"
2529,PsycheStudios
2530,"Bandai,CyberConnect2"
2531,HeuristicPark
2532,"Fishlabs,DeepSilver"
2533,"Yuke's,Yuke'sCompanyofAmerica"
2534,MuzzyLaneSoftware
2535,Nyamyam
2536,NapsTeam
2537,StateofPlayGames
2538,DarkSeasGames
2539,LaughingJackal
2540,RobotGentleman
2541,LongHatHouse
2542,"Tamsoft,MarvelousAQL"
2543,StarWraith
2544,MagentaSoftware
2545,KrillbiteStudio
2546,BitsStudios
2547,TheBitmapBrothers
2548,ShadowRage
2549,Epicllamawarchief
2550,HijinxStudios
2551,"CE-Asia,AzureFlameStudio"
2552,OutsiderGames
2553,ArcadeMoon
2554,"Examu,MarvelousInc."
2555,DarkEnergyDigital
2556,ActivisionValue
2557,LocomotiveGames
2558,FurySoftware
2559,Innerloop
2560,ImageSpaceIncorporated
2561,JulianLaufer
2562,OuterloopGames
2563,MonumentalGames
2564,"Aspyr,2KSports"
2565,BlazingBadger
2566,IridiumStudios
2567,"SquareEnix,ArtePiazza"
2568,KiteGames
2569,ZenerWorks
2570,KonamiComputerEntertainmentNagoya
2571,BukaEntertainment
2572,8bitGames
2573,"MonolithSoft,Banpresto"
2574,XRGames
2575,Xpec
2576,SantaCruzGames
2577,"THQ,HeavyIronStudios"
2578,BigFishGames
2579,GroundShatterLtd.
2580,"Ubisoft,Gameloft"
2581,"ParadoxInteractive,AGEOD"
2582,StoneLanternGames
2583,Mediascape
2584,RedRedemption
2585,UbisoftSingapore
2586,Universomo
2587,EiconicGames
2588,Unexpected
2589,"SquareEnix,Cherrymochi"
2590,GlyphXGames
2591,WishStudios
2592,TeamShifty
2593,Denby/Raze
2594,Robotality
2595,RadiationBlue
2596,Playbrains
2597,"SpikeChunsoftCo.Ltd.,SpikeChunsoft"
2598,DecoDigital
2599,ClapfootInc.
2600,SerenityForge
2601,"Act3Games,LLC"
2602,FallLineStudio
2603,BattleGoatStudios
2604,"Eighting,Tenyo"
2605,IceFlames
2606,"Million,Aplus"
2607,Novarama
2608,KnutMueller
2609,BlacklightInteractive
2610,WhoopGroup
2611,RedZeroGames
2612,SundaeMonth
2613,Breakfall
2614,OxideGames
2615,"MicrosoftGameStudios,ForgottenEmpiresLLC"
2616,IOEntertainment
2617,StellarVR
2618,"SproingInteractiveMedia,Sproing"
2619,CultureBrain
2620,"BandaiNamcoGames,Aquria"
2621,Fireglow
2622,TotalMayhemGames
2623,StrayllightEntertainment
2624,StarfireStudios
2625,SileniStudios
2626,"Konami,Aquria"
2627,CE-Asia
2628,DigeratiDistribution
2629,"DimpsCorporation,SafariGames"
2630,WeappyStudio
2631,"Acclaim,AcclaimStudiosManchester"
2632,TitusSoftware
2633,Studio33
2634,WARP
2635,"SeedStudios,Lda"
2636,"PandemicStudios,SavageEntertainment"
2637,AdventurePlanningService
2638,Lillymo
2639,"SerenityForge,DimBulbGames"
2640,PaintedBlackGames
2641,"DaedalicEntertainment,ForgottenKey"
2642,PillBugInteractive
2643,ClimaxStudios
2644,Foregone
2645,VirtualToys
2646,MarkHealey
2647,4XStudios
2648,MoonKid
2649,ApolloSoft
2650,KevinZuhn
2651,ParadoxNorth
2652,SplendyGames
2653,"Banpresto,SoftMax"
2654,"ArtificialMindandMovement,PolygonMagic"
2655,TheDangerousKitchen
2656,BigRobotLtd
2657,ActionFormsLtd.
2658,"FunaticsSoftware,Funatics"
2659,"Ice-PickLodge,tinyBuild"
2660,Runtime
2661,"Cyanide,Spiders"
2662,Oxeye
2663,NoddingHeadsGames
2664,DanSmithStudios
2665,CoffeePoweredMachine
2666,FacepunchStudios
2667,QueenBeeGames
2668,JCEntertainment
2669,BlackmillGames
2670,"KaiganGamesOU,KaiganGames"
2671,"Nintendo,HALLabs"
2672,UbisoftIvoryTower
2673,"NinjaBee,BaconWrappedGames"
2674,YsNet
2675,"Nintendo,Arzest"
2676,ConnorUllmann
2677,SCEStudioCambridge
2678,VividGames
2679,PerfectWorldEntertainment
2680,MysticBox
2681,PropagandaGames
2682,704Games
2683,JugglerGames
2684,"Wargaming.net,PershaStudia"
2685,Librage
2686,MisticSoftware
2687,LudicStudios
2688,"DigeratiDistribution,Digerati"
2689,SunSoft
2690,CaseyDonnellanGamesLLC
2691,MakinGames
2692,DissidentLogic
2693,"XaviantGames,Xaviant"
2694,"Nintendo,Vanpool"
2695,Kiro'oGames
2696,Destineer
2697,ThreeFieldsEntertainment
2698,"BlackTowerStudios,NighthawkInteractive"
2699,NovaleafGameStudios
2700,SmartDog
2701,GameLab
2702,Teyon
2703,DeepSilver
2704,"5pb,Tenco"
2705,SupergonkLtd.
2706,VisionGamesPublishingLTD
2707,HaggardGames
2708,Flavourworks
2709,"FirstStudio,MarvelousFirstStudio"
2710,"ValuewaveCo.,Ltd."
2711,WonderstruckGames
2712,EllipseStudios
2713,ZojoiStudios
2714,"HDInteractive,MostWantedEntertainment"
2715,Boneloaf
2716,DESTINYbit
2717,Coresoft
2718,HermesInteractive
2719,CradleGames
2720,TateMultimedia
2721,"RawFury,BlackMuffinStudio,MonkeyMoon"
2722,"GungHoOnlineEntertainmentAmerica,Inc."
2723,"EchtraGames,Inc."
2724,ExordiumGames
2725,Prograph
2726,"3000AD,Inc."
2727,ZonoInc.
2728,WhiteMoonDreams
2729,DigitalLode
2730,"RideonJapan,Inc."
2731,SeavenStudio
2732,WhiteBirdsProductions
2733,"Cyanide,Saber3D"
2734,TURBOGUN
2735,OkugiStudio
2736,"REDEntertainment,Artdink"
2737,IMGN.PRO
2738,Picomy
2739,Enigami
2740,OSomeStudio
2741,StickmenStudios
2742,Canal+Multimedia
2743,"idSoftware,FountainheadEntertainment"
2744,"Treyarch,ShabaGames"
2745,WickedStudios
2746,GameCrafterTeam
2747,"StudioTRIGGER,Aplus"
2748,SuperSexySoftware
2749,"M2,UNKNOWNGAMES"
2750,"KochMedia,MilestoneS.r.l"
2751,Oldblood
2752,SigilGamesOnline
2753,"Appeal,BigbenInteractive,BigbenGames"
2754,BottleRocketEntertainment
2755,"SonyInteractiveEntertainment,NapNokGames"
2756,LGKGames
2757,NextWaveTeam
2758,RightNiceGames
2759,Gentlymad
2760,OvidWorks
2761,BornReadyGames
2762,HouseholdGamesInc.
2763,TheBinaryMill
2764,PlaywoodProject
2765,TeotlStudios
2766,VitaminGStudios
2767,Maschinen-Mensch
2768,"Asobism,Co.ltd."
2769,"TheLordzGamesStudio,FlashbackGames"
2770,PhilHassey
2771,"HALLabs,CreaturesInc."
2772,Playmestudio
2773,Microvision
2774,HatoMoa
2775,DevilsDetails
2776,"MovingPlayer,Noego"
2777,KrakenEmpire
2778,FrozenDistrict
2779,ScottCawthon
2780,TorpexGamesLLC
2781,"FromSoftware,Acquire"
2782,XXVProductions
2783,GigawattStudios
2784,RaylandInteractive
2785,NitroGames
2786,VivendiGames
2787,"NivalInteractive,Nival"
2788,FLOWCOMBINE
2789,BlitzGamesStudios
2790,"CrystalDynamics,EidosMontreal"
2791,LionbiteGames
2792,"FactoriaCulturalGestio,S.L."
2793,OasisGames
2794,Gamious
2795,ChaosConcept
2796,Mommy'sBestGames
2797,ClickEntertainment
2798,OwlCave
2799,"Kylotonn,MaximumGames"
2800,LittleBoyGames
2801,ARSGOETIA
2802,DaedalicStudioWest
2803,Warashi
2804,"Bec,BandaiNamcoGames"
2805,BigFinishGames
2806,GreenheartGames
2807,OneorEight
2808,"EnsembleStudios,HiddenPathEntertainment"
2809,"JoystickLabs,LLC"
2810,PhantomCompass
2811,KnowledgeAdventureInc.
2812,XicatInteractive
2813,Allin!Games
2814,StudioV
2815,BeautifulGameStudios
2816,Vanpool
2817,InvaderStudios
2818,"MultiverseGames,Multiverse"
2819,CanExplode
2820,FunPunchGames
2821,FreedomGames
2822,SubtleBoom
2823,"10tonsLtd,10tons"
2824,SharkPunch
2825,Gojira
2826,Gloomywood
2827,SetaCorporation
2828,AWEGames
2829,OneMoreDreamStudios
2830,AffableGames
2831,KarinEntertainment
2832,PerfectlyParanormal
2833,NeptuneInteractiveInc.
2834,"Ubisoft,UbisoftSanFrancisco"
2835,iWin
2836,JustAddMonsters
2837,KyyGames
2838,DemiurgeStudios
2839,VisualImpact
2840,Marionette
2841,"OtherOceanInteractive,SonyInteractiveEntertainment"
2842,Robomodo
2843,SEMISOFT
2844,"CattleCall,FuRyu"
2845,StormcloudGamesLimited
2846,"UnigineCorp,Russia"
2847,PurpleTreeStudio
2848,AtGames
2849,BuzzMonkey
2850,PolyKnightGames
2851,MicroCabin
2852,InLightEntertainment
2853,"Tecmo,PiecesInteractive"
2854,CompulsionGames
2855,Interceptor
2856,LunarGreatWallStudios
2857,Dracue
2858,SigmaTeam
2859,StrawdogStudios
2860,Cococucumber
2861,BrainyStudioLLC
2862,IventGames
2863,"Xpec,XPECEntertainmentInc."
2864,Poponchi
2865,BarnhouseEffect
2866,GrendelGames
2867,iSquaredGames
2868,"DeepSilver,SproingInteractiveMedia,Sproing"
2869,PlanetInteractive
2870,"Ubisoft,ClimaxStudios"
2871,OoveeGameStudios
2872,PennyBlackStudios
2873,Nucleosys
2874,Epics
2875,DigitalDomain
2876,GameCo
2877,ArberthStudios
2878,"LKAInteractive,LKA"
2879,ROIGAMESInc.
2880,SmallRockets
2881,Virtucraft
2882,RailSimulator.com
2883,EpicenterStudios
2884,TwoPMStudios
2885,DialogueDesign
2886,SkyshineGames
2887,FrostwoodInteractive
2888,MuseGames
2889,"Teyon,TateMultimedia"
2890,SlipgateStudiosLLC
2891,"Cybernate,ChrisSuffern"
2892,"DreadlocksLtd,Dreadlocks"
2893,"NeonStudios,Kaiko"
2894,LukewarmMedia
2895,BladeInteractive
2896,Interchannel-Holon
2897,"KochMedia,TaleworldsEntertainment"
2898,ConfoundingFactor
2899,Dreamcatcher
2900,"ElectronicArts,BehaviourInteractive"
2901,VileMonarch
2902,THQWarrington
2903,stillalivestudios
2904,BigPark
2905,StudioSott
2906,"SeavenStudio,Enigami"
2907,AtelierMimina
2908,"FiraxisGames,FireFlyStudios"
2909,"Koei,OmegaForce"
2910,Prokion
2911,"HomelessUnicorn,MinistryofBroadcastStudios"
2912,Dynamighty
2913,ArclightCreations
2914,BandanaKid
2915,CowardlyCreations
2916,SawflyStudios
2917,"Appeal,BigbenGames"
2918,HailstormGamesInc
2919,LorenzoRedaelli
2920,Zuxxez
2921,DeepSpace
2922,KochMedia
2923,CriticalStudio
2924,PuzzlingDream
2925,"OwenDeery,FireFace"
2926,SpellbindStudios
2927,BloomingBudsStudio
2928,"TaitoCorporation,OfficeCreate"
2929,SomniumGamesd.o.o.
2930,KodiakInteractive
2931,CritiqueGaming
2932,AnotherIndie
2933,NuevoRetroGames
2934,V1Interactive
2935,Alvion
2936,IntroversionSoftware
2937,LestaStudio
2938,BeeWorks
2939,MikeStudios
2940,MagikoGaming
2941,MassiveDevelopment
2942,"Racjin,SegaSportsR&D"
2943,DigitalArrow
2944,Interplay
2945,NowhereStudios
2946,ILMxLab
2947,"Sega,DimpsCorporation"
2948,"Nicalis,ChristopheGalati"
2949,MomentumDMT
2950,OverGamez
2951,MagicSandbox
2952,SnowCastleGames
2953,Sourcenext
2954,ParallelStudio
2955,TargemGames
2956,FutureGames
2957,YummyYummyTummy
2958,TikGames
2959,Anim-X
2960,SpiralHouse
2961,UDS
2962,"ImagineerCo.,Ltd."
2963,"VivendiGames,Eurocom"
2964,"AwesomeGamesStudio,AwesomeGamesStudio"
2965,"SquareEnix,MCF"
2966,FusionsphereSystems
2967,StolenCouchGames
2968,BillyGoatEntertainmentLtd
2969,KoeiCanada
2970,ZootFly
2971,"TimeGateStudios,Day1Studios"
2972,"Battlefront.com,1C,1CEntertainment"
2973,Remode
2974,impressionware
2975,"EARedwoodShores,EASaltLake"
2976,BackboneEmeryville
2977,KillerGame
2978,"RareLtd.,BigPark"
2979,Tigon
2980,"MonsterGamesInc.,DusenberryMartinRacing"
2981,NaturalMotion
2982,G-Artists
2983,ScrewtapeStudios
2984,"LaserGuidedGames,LLC"
2985,Artdink
2986,BigBlueBubbleInc.
2987,InevitableEntertainment
2988,KuusouKagaku
2989,PuppyPunchProductions
2990,BlackMuffinStudio
2991,Antagonist
2992,IguanaBee
2993,LOOTEntertainment
2994,GameLife
2995,"Revistonic,Revistronic"
2996,OrthogonalGames
2997,DarkStarGames
2998,Metro
2999,"StrategyFirst,Kylotonn"
3000,FKDigital
3001,NtroniumGames
3002,ArachnidGames
3003,FinishLineGames
3004,Videocult
3005,"SuperMegaTeam,SuperAwesomeHyperDimensionalMegaTeam"
3006,"btfGmbH,btf"
3007,InterdimensionalGamesInc
3008,BionicGames
3009,GustoGames
3010,ReakktorMedia
3011,IMCGames
3012,PeakVox
3013,CrunchTimeGames
3014,SierraOnlineShanghai
3015,NighthawkInteractive
3016,MemoryofGod/LambicStudios
3017,"RovioMobile,RovioEntertainment"
3018,SegaStudiosAustralia
3019,FireHoseGames
3020,DCStudios
3021,SoftMax
3022,"Cinemax,CentauriProduction"
3023,Gaia(Sony)
3024,Mastiff
3025,damiansommer
3026,AnsharStudios
3027,"SCEA,SIMS"
3028,"343Industries,VanguardGames"
3029,LimasseFive
3030,GalileaMultimedia
3031,CBEsoftware
3032,MagicPixelGames
3033,"Konami,DigitalEclipse"
3034,NinjaStudio
3035,"WarnerBros.InteractiveEntertainment,ShiverGames"
3036,DancingDots
3037,"SquareEnix,h.a.n.d.Inc."
3038,RaredropGamesLtd
3039,"CyberConnect2,Soleil"
3040,CorbieGames
3041,ORiGOGAMES
3042,AutumnMoon
3043,SonicPowered
3044,KCEStudios
3045,ParityBit
3046,DarkValeGames
3047,aQuadiun
3048,AurumDust
3049,AsakusaStudios
3050,HellbentGames
3051,Popcannibal
3052,"Eighting,GeniusSonorityInc."
3053,PixelStorm
3054,HoneyParadeGames
3055,CatRabbit
3056,SproutGames
3057,FlyingCafeforSemianimals
3058,Zerodiv
3059,RealtechVR
3060,Xilam
3061,Meyer/GlassInteractive
3062,BitmapBureau
3063,JaywalkersInteractive
3064,"Atari,TransmissionGames,AtariSA"
3065,ShadowTorStudios
3066,Slitherine
3067,"LorenLemcke,KittehfaceSoftware"
3068,AngryMobGames
3069,teedoubleuGAMES
3070,"NekoEntertainment,Bulkypix"
3071,FrozenCodebase
3072,BuenaVistaGames
3073,NosebleedInteractive
3074,369Interactive
3075,MicroProse
3076,Zoom
3077,"Nintendo,SegaSportsR&D"
3078,"Irem,Agetec"
3079,Bits&Beasts
3080,BlackShipGames
3081,MicroApplication
3082,Wanadoo
3083,CoyoteConsole
3084,PyrodactylGames
3085,StrictlyLimitedGames
3086,doBell
3087,CubeishGames
3088,ParanoidProductions
3089,ChorusWorldwide
3090,BinxInteractive
3091,TozaiGames
3092,FlyingMollusk
3093,VladimirKudelka
3094,Dragonstone
3095,2XLGames
3096,7Levels
3097,"PamDevelopment,2KSports"
3098,3D2Entertainment
3099,3rdEyeStudios
3100,SCi
3101,GraphicState
3102,Ornith
3103,XGenStudios
3104,Ukuza
3105,MothershipEntertainment
3106,IcebergInteractive
3107,QUICKTEQUILA
3108,SideKickLTD
3109,DigitalConfectioners
3110,ChasingRatsGames
3111,AkaoniStudio
3112,"Cinemax,RAImages"
3113,StudioNanafushi
3114,3d6Games
3115,RewolfSoftware
3116,Koboldgames
3117,PolyKid
3118,"NamcoBandaiGames,BandaiNamcoGames,Aquria"
3119,"AIFactory,RubiconDevelopmentLtd."
3120,TimberlineStudio
3121,GabberGames
3122,WildFactor
3123,VUGames
3124,StudioGigante
3125,ThirdWire
3126,PinoklGames
3127,MindwareStudios
3128,VarsavGameStudios
3129,CrescentMoonGames
3130,HiCorp
3131,"10tacleStudios,FusionsphereSystems"
3132,"FromSoftware,GeneralArcade"
3133,TriangularPixels
3134,"10tonsEntertainment,10tonsLtd,10tons"
3135,SubterraneanGames
3136,DesertProductions
3137,BostonAnimation
3138,Arzest
3139,"ClimaxGroup,PlayFirst,ClimaxStudios"
3140,"FusionsphereSystems,AnimationArts"
3141,winterworks
3142,TurboTapeGames
3143,EdenGamesMobile
3144,JFiGames
3145,"Aspyr,Aspire"
3146,"ArcSystemWorks,NowProduction"
3147,QuicksilverSoftware
3148,ExpansiveWorlds
3149,HeavySpectrum
3150,2DawnGames
3151,FinalBossGames
3152,RatalaikaGames
3153,TOYBOX
3154,AOneGames
3155,NovaProduction
3156,"Slitherine,SlitherineGroup"
3157,Ackkstudios
3158,ApeLaw
3159,ThePokemonCompany
3160,Tenky
3161,Vatra
3162,SwitchbladeMonkeys
3163,SupersonicSoftware
3164,Nuchallenger
3165,"3DClouds.it,3DClouds"
3166,mif2000
3167,"Midway,StainlessSteelStudios"
3168,KonamiSoftwareShanghai
3169,StirfireStudios
3170,Modus
3171,"GameArts,SetaCorporation"
3172,IllFonic
3173,differentcloth
3174,"Alchemist,IntiCreates"
3175,MegaCatStudios
3176,iFun4all
3177,DeliriumStudios
3178,NightLightInteractive
3179,osaogames
3180,GorillaSystems
3181,Helixe
3182,"ElectronicArts,Rebellion"
3183,Aquria
3184,MindfieldGames
3185,ConstantinGraf
3186,TrueAxis
3187,"OmegaForce,TecmoKoeiGames"
3188,WideGames
3189,FoxInteractive
3190,PDDesignStudioPteLtd
3191,"Croteam,Vlambeer"
3192,MadHeadGames
3193,"Machatin,Inc."
3194,AlcachofaSoft
3195,StrangelandsLtd.
3196,ChasingCarrots
3197,"CocoCucumber,Cococucumber"
3198,"HeavyIronStudios,SavageEntertainment"
3199,SilverCreekEntertainment
3200,"Tigon,MidwayStudios-Newcastle"
3201,PixelTitans
3202,LKA
3203,Saffire
3204,"Tantalus,TequilaWorks"
3205,Nevrax
3206,WarDrumStudios
3207,yeo
3208,"ElectronicArts,Jo-MeiGames"
3209,UbisoftVancouver
3210,"RockPocketGames,DreamloopGames"
3211,WeAreFuzzy
3212,ThreeOneZero
3213,TakaraTomy
3214,3AGames
3215,RealtimeAssociates
3216,"JupiterCorporation,Kadokawa"
3217,Chibig
3218,3Sprockets
3219,BlindflugStudios
3220,INTERNETURLS.A.
3221,PsytecGamesLtd
3222,RoseCityGames
3223,Braingame
3224,"AmazeEntertainment,Amaze"
3225,TheGamesCompany
3226,Silvio&GeySavarese
3227,"TikGames,LLC"
3228,"Battlefront.com,1CEntertainment"
3229,"ForeverEntertainment,MegaPixelStudio"
3230,"VisualImaginationSoftware,Ravenscourt,VISGames"
3231,ColdBeamGames
3232,Adrenium
3233,JoaoVictordaSilva//LucasRoberto
3234,"ArmatureStudio,comcept"
3235,"ReplayStudios,MoonbyteStudios"
3236,"SCEA,ThinkandFeel"
3237,PlayriseEdgeLtd.
3238,"101%,ONEOONEGAMES"
3239,CentauriProduction
3240,DelveInteractive
3241,MineLoader
3242,"MercurySteam,AlchemicProductions"
3243,"SCESantaMonica,FunBits"
3244,CerasusMedia
3245,BabylonSoftware
3246,RhinoStudios
3247,ConiferGames
3248,BlazingGriffin
3249,ZANDELMEDIA
3250,Oudidon
3251,Streko-GraphicsInc.
3252,"SquareEnix,QStudios"
3253,GeniusSlackers
3254,SeriousBrew
3255,CandygunGames
3256,Guppyworks
3257,5000ft
3258,"Activision,Traveller'sTales"
3259,GattaiGames
3260,MagneticRealms
3261,"SonyInteractiveEntertainment,RedAccentStudios"
3262,"PhosphorGamesStudio,LLC,PhosphorGames"
3263,"ReadyatDawn,SCESantaMonica"
3264,DaydreamSoftware
3265,LOOTInteractive
3266,"Konami,ViciousCycle"
3267,MutantGames
3268,AsylumEntertainment
3269,Syscom
3270,GeneticAnomalies
3271,WoodenMonkeys
3272,THQDigitalStudioPhoenix
3273,SavageEntertainment
3274,GCP1
3275,Mandragora
3276,MediaMobsters
3277,X-RayInteractive
3278,"Namco,NintendoSoftwareTechnology"
3279,3GStudios
3280,KUNOINTERACTIVE
3281,BitboxLtd.
3282,"BandaiNamcoGames,B.B.Studio"
3283,ZordixRacing
3284,PhantomeryInteractive
3285,MetroGraphics
3286,Fishlabs
3287,InfamousQuests
3288,"CreatStudios,TikGames,LLC"
3289,Rebelmind
3290,DigitalTales
3291,DoubleZeroOneZero
3292,"BandaiNamcoGames,Artdink"
3293,ColibriGames
3294,NVYVEStudios
3295,"Million,Avit-Niigata"
3296,"TequilaWorks,SonyPicturesVirtualReality"
3297,Milestone
3298,"SquareEnix,GUILDSTUDIOInc."
3299,UpperByte
3300,"Kylotonn,MilestoneS.r.l"
3301,VSTEP
3302,"EABlackBox,EASingapore"
3303,DigitaloStudios
3304,ShawnBeck
3305,RazorworksStudios
3306,"Atari,SlightlyMadStudios,AtariSA"
3307,UbisoftBlueByte
3308,DapperPenguinStudios
3309,Sky9
3310,UnicornGamesStudio
3311,NapNokGames
3312,ModusStudiosBrazil
3313,TinyBullStudios
3314,"Racjin,NipponColumbia"
3315,TateInteractive
3316,"Neverland,IdeaFactory"
3317,"SquareSoft,ArtePiazza"
3318,Freeverse
3319,TriplevisionGames
3320,"Nintendo,CamelotSoftwarePlanning"
3321,TesseraStudios
3322,RainDanceLX
3323,UpperRoomGamesLtd
3324,"CingularmMode,Cing"
3325,RedHerringLabs
3326,FunUnitInc
3327,Crea-Tech
3328,"UberEntertainment,PlanetaryAnnihilationInc"
3329,"SegaSoft,SonicTeam"
3330,PostModSoftworks
3331,Gamedust
3332,"BigBlueBubbleInc.,BreakthroughNewMedia"
3333,BackboneVancouver
3334,Innonics
3335,"OtherOceanInteractive,NetherRealmStudios"
3336,JasonOda
3337,RobotLovesKitty
3338,CohortStudios
3339,TheTiniestShark
3340,MaxFive
3341,ShrapnelGames
3342,Ivolgamus
3343,"CityInteractive,NavarreCorp"
3344,BusyToaster
3345,PocketTrap
3346,Poisoft
3347,"GungHo,17-Bit"
3348,Notch
3349,TheTangentlemen
3350,SiriusGames
3351,TransmissionGames
3352,B-Alive
3353,GenePool
3354,InfogramesSheffield
3355,Tiwak
3356,"CompileHeart,ArtisanStudios"
3357,"KukouriMobileEntertainment,EpiphanyGames"
3358,"Phantagram,Blueside"
3359,Warcave
3360,Zengami
3361,RichMakeGame
3362,SantaEntertainment
3363,CookingMamaLimited
3364,RapidEyeEntertainment
3365,MultimediaIntelligenceTransfer
3366,"FragmentProductionLtd,RebornGamesInc."
3367,KitfoxGames
3368,Meteorise
3369,LoadInc.
3370,BlackLanternStudios
3371,"OmegaForce,KoeiCanada"
3372,NBGI
3373,IconGames
3374,DigitalChocolate
3375,"Spike,SpikeChunsoft"
3376,GuildSoftware
3377,HappyTuesday
3378,BlackpowderGames
3379,ProvoxGames
3380,"Gust,IdeaFactory"
3381,PewterGamesStudios
3382,"BedtimeDigitalGames,LOOTInteractive"
3383,MightyRabbitStudios
3384,FairPlayLabs
3385,"Dragonstone,DragonstoneSoftware"
3386,Eurocom
3387,BlowfishStudios
3388,AtraxGames
3389,DMMGAMES
3390,"IllFonic,GunMedia"
3391,Softlab-NSK
3392,SiliconDreams
3393,GuruGames
3394,MindCandy
3395,GorillaGames
3396,HappionLaboratories
3397,"HighVoltageSoftware,UbisoftParis"
3398,UbisoftCasablanca
3399,ZindagiGames
3400,"Phantagram,QEntertainment"
3401,Similis
3402,IndexMultimedia
3403,FugitiveGames
3404,SaibotStudios
3405,"CliffhangerProductions,CliffhangerProductions"
3406,FabrikGames
3407,"NG:DEV.TEAM,KTXSoftware"
3408,Zombie
3409,Rockin'Android
3410,"3rdEyeStudiosOyLTD,3rdEyeStudios"
3411,Barnaque
3412,"Zuxxez,InImages"
3413,Metro3D
3414,DeadbeatStudios
3415,NoumenaProductions
3416,VolatileGames
3417,PapayaStudios
3418,CrazyGames
3419,"CattleCall,24Frame"
3420,StreumOnStudio
3421,GamesDistillery
3422,"NanaOn-Sha,SonyInteractiveEntertainment"
3423,"HexaDrive,OasisGames"
3424,FootprintsGames
3425,Holospark
3426,"Frozenbyte,Inc.,GameTrust"
3427,"VersusEvil,PencilTestStudios"
3428,ValuSoft
3429,RTL
3430,"KINGArt,KingArtGames"
3431,TheDeepEndGames
3432,SpaceBulletDynamicsCorporation
3433,"BandaiNamcoGames,SpikeChunsoft"
3434,DiversionsEntertainment
3435,ProSim
3436,NG:DEV.TEAM
3437,DeepShadows
3438,GatlingGoatStudios
3439,IFGames
3440,GammickEntertainment
3441,"ForeverEntertainmentS.A.,ForeverEntertainment"
3442,GoodScienceStudio
3443,MetropolisSoftware
3444,LuckyChicken
3445,TasharenEntertainment
3446,"ReplayStudios,MLEnterprises"
3447,Exkee
3448,NiloStudios
3449,"DreamFactory,TakaraTomy"
3450,"Sega,Skonec"
3451,System3
3452,Pixellore
3453,ItalicPig
3454,exozet
3455,nWay
3456,GamingCorpsAB
3457,ToylogicInc.
3458,"PapayaStudios,PapayaStudio"
3459,HothouseCreations
3460,"Nintendo,Good-Feel"
3461,Lion'sShade
3462,tiger&squid
3463,FrostMonkeyGames
3464,Solid9Studio
3465,TickTockGames
3466,TERMINALStudio
3467,"Atari,Infogrames"
3468,"Nussoft,CalappaGames"
3469,WizardsoftheCoast
3470,"Activision,BehaviourInteractive"
3471,FarmindLtd
3472,"AbsolutistLtd,Absolutist"
3473,Channel4
3474,GatewayInteractive
3475,Stage2Studios
3476,RuneHeads
3477,ZealGameStudios
3478,DisneyOnline
3479,"SumoDigital,OverkillSoftware"
3480,SleeplessClinic
3481,WhaleRockGames
3482,StormCityGames
3483,MissionStudios
3484,FarmerGnome
3485,Red5Studios
3486,CrocodileEntertainment
3487,N-RACING
3488,OscarBrittain
3489,oeFun
3490,StealthStudios
3491,I-Imagine
3492,AvalonStyle
3493,WishFang
3494,TIGAMES
3495,"SumoDigital,ElbowRocket"
3496,"Konami,LeviathanGames"
3497,HotLavaGames
3498,WolcenStudio
3499,MetiaInteractive
3500,CyberGroupStudios
3501,AurochDigital
3502,ArtisanStudios
3503,"HighMoonStudios,IronGalaxyStudios"
3504,"Akella,Quasar"
3505,YippeeEntertainmentLTD
3506,Amble
3507,BumbleBeast
3508,SecondOrder
3509,MightyRocketStudio
3510,RecluseIndustries
3511,"VertigoGames,StorminaTeacup"
3512,"Nintendo,SpikeChunsoft"
3513,SingaporeUniversityofTechnologyandDesign
3514,"CreativeEngland,CreativeEngland"
3515,THQAustralia
3516,HandCircus
3517,Exiin
3518,Pixelogic
3519,Trecision
3520,"Nintendo,SkipLtd."
3521,VivaGames
3522,RegolithGamesltd
3523,PhoenixGamesStudio
3524,Creations
3525,BitTown
3526,EastAsiaSoft
3527,Microforum
3528,SquashySoftware
3529,WorldForge
3530,TriangleStudios
3531,"Codemasters,JustAddWater"
3532,"AlfaSystem,AlphaSystem"
3533,OnNet
3534,"Punchline,Shirogumi"
3535,Lumenoxehf
3536,"GameArts,JapanArtMedia(JAM)"
3537,HokusPokus
3538,"TheBalance,Inc"
3539,AbyssGameworks
3540,MadOrange
3541,"AmazeEntertainment,VivendiGames"
3542,RunningWithScissors
3543,SandGrainStudios
3544,CreativeEdgeSoftware
3545,MASAGroup
3546,PerformanceDesignedProducts
3547,"VivaMedia,VivaMedia,LLC"
3548,"Guerrilla,SupermassiveGames"
3549,ByterunnersGameStudio
3550,NoodlecakeStudios
3551,HyperSloth
3552,"EKOSoftware,ZooEntertainment"
3553,Cinemaware
3554,EasyDayStudiosPtyLtd
3555,FUNLabs
3556,BeyondGames
3557,PineStudio
3558,ClockDriveGames
3559,MichaelArts
3560,"GripGames,RightNiceGames"
3561,InfuseStudio
3562,AtomicWolf
3563,BigmoonEntertainment
3564,"Nintendo,NamcoBandaiGames"
3565,RazorbackDevelopments
3566,G5Software
3567,AnumanInteractive
3568,EarthlightProductions
3569,CorecellTechnology
3570,"CaviaInc.,GrandprixInc."
3571,"RainbowStudios,Tantalus"
3572,LifeSparkEntertainment
3573,"ArtificialStudios,ImmersionSoftware&Graphics"
3574,"Sega,TomCreate"
3575,BlackElement
3576,"EidosInteractive,StrawdogStudios"
3577,ShiverGames
3578,InkStainsGames
3579,"SCEELondonStudio,SonyInteractiveEntertainment"
3580,OnTheMetalLtd
3581,HighwireGames
3582,KrakenUnleashed
3583,PixelNight
3584,"Acquire,Goshow"
3585,DeepFriedEntertainment
3586,Continuum
3587,Camel101
3588,M07Games
3589,Ambrella
3590,DykastLubomir
3591,Bloodirony
3592,"MindscapeInc.,SmackDownProductions,Mindscape"
3593,ITEMedia
3594,"BandaiNamcoGames,Aplus"
3595,"NamcoBandaiGames,MonkeyBarGames"
3596,"Nintendo,Vitei"
3597,StudioArchcraft
3598,NextEntertainment
3599,JasonRohrer
3600,GameyusInteractive
3601,OldSchoolGames
3602,AscensionStudios
3603,RimlightStudios
3604,"Ganbarion,BandaiNamcoGames"
3605,Tigertron
3606,TelenetJapan
3607,GameCoderStudios
3608,HumanSoft
3609,InUtero
3610,Tangrin
3611,UmaikiGames
3612,Rotobee
3613,L3OInteractive
3614,ONEOONEGAMES
3615,BitByterz
3616,"Ambrella,ThePokemonCompany"
3617,GFIRussia
3618,ArtechDigitalEntertainment
3619,IncineratorGames
3620,Magitech
3621,TheGameFactory
3622,SilentGroveStudios
3623,SixteenTonsEntertainment
3624,InterServInternational
3625,ZenithBlue
3626,SoftEnterprises
3627,Enterbrain
3628,"FDGEntertainment,SnikkaboAS"
3629,WobblyToothLtd
3630,PolluxGamelabs
3631,comcept
3632,UbisoftShanghai/Paris
3633,KDVGames
3634,"RadicalEntertainment,FarsightStudios"
3635,"AtomicPlanetEntertainment,BlitzGames"
3636,4DRulers
3637,TribalDreams
3638,"EATiburon,n-Space"
3639,IsopodLabs
3640,EgidijusBachur
3641,GamelionStudios
3642,CatDaddyGames
3643,MinorityMediaInc.
3644,SlapdashGames
3645,"EACanada,Nihilistic"
3646,RoosterTeethGames
3647,DYAGames
3648,TomCreate
3649,"Plastic,PlasticStudios"
3650,PremiumAgency
3651,LemonbombEntertainment
3652,KamehanStudios
3653,StalkerEntertainment
3654,MonkeyBarGames
3655,"NivalInteractive,N-GameStudios"
3656,LegendoEntertainment
3657,RedTribe
3658,Sareptastudio
3659,"Lancarse,BandaiNamcoGames"
3660,WhaleboxStudio
3661,ZeroBitGames
3662,SteelMonkeys
3663,CunningDevelopments
3664,"SeamlessEntertainment,Inc."
3665,timesymmetry
3666,ProntoGames
3667,Playmore
3668,"HeavyIronStudios,JunctionPoint"
3669,"REDEntertainment,SpikeChunsoft"
3670,MetamorfStudios
3671,"SlendyInteractive,SplendyGames"
3672,"Tamsoft,D3Publisher"
3673,CorneredRat
3674,"HolisticDesign,Inc."
3675,NexusGameStudio
3676,PencilTestStudios
3677,"PhosphorGamesStudio,LLC"
3678,FarsightTechnologies
3679,MasterCreating
3680,JohnnyDaleLonack
3681,BigbenInteractive
3682,A.C.R.O.N.Y.M.Games
3683,Starcolt
3684,"Entersphere,Inc."
3685,ArtaxGames
3686,WhiteElk
3687,GrayfaxSoftware
3688,Punchline
3689,PlaystosEntertainment
3690,"TeamPixelPi,PixelPiGames"
3691,"DigeratiDistribution,SmartphoneLabs(SPL)"
3692,Manekoware
3693,"BlitzGames,DisneyInteractiveStudios"
3694,"IcebergInteractive,KukouriMobileEntertainment"
3695,"NeversoftEntertainment,UndergroundDevelopment"
3696,FragileBits
3697,InteractiveBrains
3698,BlackHammerGame
3699,CoyoteDevelopments
3700,"SonyInteractiveEntertainment,ISVR"
3701,SilverbackEntertainment
3702,InlandProductions
3703,"ShabaGames,AmazeEntertainment"
3704,BurutSoftware
3705,Swordtales
3706,"Frogwares,MisticSoftware"
3707,PocketStudios
3708,DiscoPixel
3709,RocketVulture
3710,G1M2
3711,GlobZ
3712,InfiniteMachine
3713,LiquidDragonStudios
3714,HomeNetGames
3715,"DeepSilver,KeenGames"
3716,iRockInteractive
3717,"Eighting,TakaraTomy"
3718,"Spidersoft,Spiders"
3719,Empyrean
3720,GPCGames
3721,BattleBorne
3722,"Kalypso,GamingMindsStudios"
3723,PrimalSoftware
3724,HandMadeGame
3725,PadaoneGames
3726,Route24
3727,"Team17,ThreeFieldsEntertainment"
3728,BroadswordInteractive
3729,GameVision
3730,"AbstractionGames,BlackmillGames"
3731,"AmazonGameStudios,RelentlessStudios"
3732,DovetailGames
3733,NoBullIntentions
3734,"Success,Tamsoft"
3735,49Games
3736,"UppercutGames,UppercutGamesPtyLtd"
3737,"SCEASanDiegoStudios,SonyInteractiveEntertainment"
3738,FreeReignEntertainment
3739,LuckyJump
3740,HyperBoleStudios
3741,VirtualAirGuitarCompany
3742,"CCR,Inc"
3743,V7EntertainmentInc.
3744,"ReloadedProductions,ReloadedGamesInc.,ReloadedGames"
3745,Goshow
3746,CheckSixGames
3747,"SegaSoft,Sega"
3748,"SecretStashGames,DREAMONSTUDIO"
3749,MassCreation
3750,FuzzyeyesStudio
3751,NvizzioCreations
3752,ReplayGames
3753,CoinOperatedGames
3754,"BadFlyInteractive,a.s,BadFlyInteractive"
3755,PlasticReality
3756,"PlayriseDigital,PlayriseEdgeLtd."
3757,"GameMillEntertainment,IguanaBee"
3758,BlueSkyStudios
3759,Headlock
3760,Player1
3761,ReddollSrl
3762,MercenaryTechnology
3763,SumomGames
3764,Dreampainters
3765,LivesayTechnologies
3766,Cypronia
3767,DangerClose
3768,CollisionStudios
3769,MidwayStudios-Newcastle
3770,zSlide
3771,BoolatGames
3772,CyberRhinoStudios
3773,OpenEmotionStudios
3774,"CherryPopGames,PerilousOrbit"
3775,"HeavyIronStudios,Beenox"
3776,Qplaze
3777,ChubbyPixel
3778,Freejam
3779,"Mediascape,CUBETYPE"
3780,TheMoonwalls
3781,"PlayFirst,GameLab"
3782,X1Software
3783,KillspaceEntertainment
3784,DigitalHappiness
3785,PunchersImpact
3786,Avaria
3787,Art
3788,BamEntertainment
3789,"BandaiNamcoGames,NATSUMEATARIInc."
3790,GriNMultimedia
3791,"CompileHeart,GCREST"
3792,RodeoGames
3793,DigitalEmbryo
3794,MondoProductions
3795,BugbombStudio
3796,SabertoothGames
3797,Escape
3798,ConvictGames
3799,Allgraf
3800,Artifact5
3801,2KShanghai
3802,Blueside
3803,MonkeyPawGames
3804,DeepSilverDambusterStudios
3805,SevenOneIntermedia
3806,MAUSSoftware
3807,"Mebius,Intergrow"
3808,Shade
3809,OXiABGameStudio
3810,BigDeezProductions
3811,SegaStudiosSanFrancisco
3812,VixaGames/QubicGamesS.A.
3813,"ArtCo.,Ltd."
3814,MindoverMatter
3815,RivalInteractive
3816,JustAddOilGames
3817,AtypicalGames
3818,"GearboxSoftware,3DRealms"
3819,"tinyBuildGAMES,tinyBuild"
3820,CaligariGames
3821,TecmoKoeiGames
3822,"AtlantisInteractiveEntertainment	,AtlantisInteractiveEntertainment"
3823,OnionSoup
3824,HazardousSoftware
3825,CypronStudios
3826,Gilligames
3827,DramaDrifters
3828,ValkyrieEntertainment
3829,AlphaUnit
3830,LargeAnimal
3831,RaspinaStudio
3832,DeqafStudio
3833,5000ftInc.
3834,TecmoKoeiCanada
3835,StrangeFlavour
3836,DanielA.Ramirez
3837,"MergeGames,RavenTravelStudios"
3838,"Kalypso,HaemimontGames"
3839,Neopica
3840,"BigBoxVR,Inc."
3841,CHUDCHUDINDUSTRIES
3842,XYLAEntertainment
3843,ShotgunwithGlitters
3844,LabRatsGames
3845,Takara
3846,YanimStudio
3847,H2OInteractive
3848,TheFoxSoftware
3849,TALEROCK
3850,WastelandsInteractive
3851,RevolutionofStrategy
3852,RCMADIAX
3853,LegendStudios
3854,Vingt-et-unSystems
3855,TheCollective
3856,"Factor5,SCE/WWS"
3857,ElderGames
3858,StandfastInteractive
3859,Imagineer
3860,"JoyBitsLtd.,JoyBits"
3861,SnowedInStudios
3862,"DoloresEntertainmentSL,DoloresEntertainment"
3863,Artematica
3864,SkyFallen
3865,"OVERFENCECO.,LTD.,OverFence"
3866,"BandaiNamcoGames,ilinxinc."
3867,"ParadoxInteractive,ParadoxDevelopmentStudio"
3868,DreamExecution
3869,CaveBarn
3870,VertigoGames
3871,FreeformInteractiveLLC
3872,UntoldGames
3873,"Playlogic,TheGameFactory"
3874,"AsoboStudio,EngineSoftware"
3875,OxygenInteractive
3876,NabiStudios
3877,FustyGame
3878,Bplus
3879,Gameinvest
3880,PixelMultimedia
3881,DigiFXInteractive
3882,U-PlayOnline
3883,GuildfordStudio
3884,Nobilis
3885,ReactGames
3886,Meridian4
3887,AnimaInteractive
3888,SIMS
3889,MazeTheory
3890,SoulPix
3891,"NivalInteractive,Novik&Co"
3892,TurmoilGames
3893,Saturn+
3894,ThrowtheWarpedCodeOut
3895,"EdgeEntertainment,AnimaProject"
3896,Zaxis
3897,ProspectGames
3898,"BehaviourInteractiveInc.,BehaviourInteractive"
3899,Kouyousha
3900,Geniaware
3901,KeenSoftwareHouse
3902,JujubeeS.A.
3903,TrainwreckStudios
3904,JanduSoft
3905,OrbitalKnightsp.zo.o.
3906,Zordix
3907,"Microids,Dreamcatcher"
3908,"1C,SkyFallen,1CEntertainment"
3909,GeronimoInteractive
3910,AtomicTorch
3911,Kamui
3912,GolemLabs
3913,I-FRIQIYA
3914,PathosInteractive
3915,Blue52
3916,D3Publisher
3917,GranzellaInc.
3918,ToadmanInteractive
3919,BratDesigns
3920,"HudsonSoft,Neverland"
3921,EchoChamberGames
3922,"TornBannerStudios,HardsuitLabs"
3923,8MonkeyLabs
3924,Taniko
3925,WideScreenGames
3926,Superstring
3927,"JustAddWater,BossaStudios"
3928,Xpiral
3929,Khaeon
3930,RedZoneEntertainment
3931,BigRedSoftware
3932,"Kadokawa,KADOKAWACORPORATION"
3933,CrackedHeadsGames
3934,Garage227
3935,GaiaIndustries
3936,SalixGamesLtd
3937,Hammerhead
3938,FishcowStudio
3939,KumaRealityGames
3940,"SCi,VolatileGames"
3941,Oointah
3942,"Level5,NATSUMEATARIInc."
3943,ExplodingTubaStudios
3944,"NipponIchiSoftware,HitMaker"
3945,"TriangleStudios,Soedesco"
3946,NicolasIntoxicate
3947,MovieGames
3948,HeatwaveInteractive
3949,JapanArtMedia(JAM)
3950,"Youxiland,Gamasoft"
3951,"SparkUnlimited,comcept"
3952,TheCodeMonkeys
3953,"MajescoGames,Majesco"
3954,"VogsterEntertainment,LLC"
3955,UFOInteractive
3956,"HeadupGames,CreneticStudios"
3957,BlueGiantInteractive
3958,K2
3959,DataBecker
3960,"DigitalLeisureInc.,DigitalLeisure"
3961,StillGames
3962,GenuineGames
3963,ItaloGames
3964,Hypnos
3965,"StingbotGames,Inc."
3966,"BandaiNamcoGames,ClimaxStudios"
3967,SkyworksTechnologies
3968,"GelidGames,Inc."
3969,"BandaiNamcoGames,Bamtang"
3970,Imaginati
3971,"BuzzMonkey,EAMontreal"
3972,ScreamingGames
3973,"Aspect,TakaraTomy"
3974,ImmersionSoftware&Graphics
3975,BedlamGames
3976,"SIMS,RisingStarGames"
3977,HeSaw
3978,Friend&Foe
3979,KungFuFactory
3980,JustAPixel
3981,DeadMageStudio
3982,Point5Projects
3983,Den-Yu-Sha
3984,Ctxm/SayDesign
3985,DNSDevelopment
3986,BigJohnGames
3987,TotalMonkery
3988,MadCatz
3989,PQube
3990,InterActiveVisionGames
3991,Sonnori
3992,CodeAvarice
3993,Killaware
3994,SuppressiveFireGames
3995,CosmoscopeGmbH
3996,SixthVowel
3997,SmackDownProductions
3998,Equinoxe
3999,"RainbowStudios,NordicGamesPublishing"
4000,MistLand
4001,RandomPotionOy
4002,NoPestProductions
4003,Phantom8
4004,TopHeavyStudios
4005,RocketWerkz
4006,SilentDreams
4007,"RainyNightCreations,RNC"
4008,RunningDog
4009,Carapace
4010,Biart
4011,LayopiGames
4012,BrainSlapStudio
4013,PulsetenseGames
4014,WorkJam
4015,Philoslabs
4016,AmplifyCreations
4017,BuenaVistaInteractive
4018,Foundation9Entertainment
4019,"FIXKorea,Co.LTD"
4020,MadmindStudio
4021,BlackShamrock
4022,"MajescoGames,Majesco,FrozenNorthProductions"
4023,ChequeredInkLtd.
4024,"HumanHeadStudios,Studio369"
4025,FocusHomeInteractive
4026,"RealityTwistGmbH,RealityTwist"
4027,"MarvelousEntertainment,DigitalWhip"
4028,"LucasArts,KromeStudios"
4029,Nordcurrent
4030,Tranji
4031,"MunkyFun,Inc."
4032,Strangelite
4033,"LDW,BigFishGames"
4034,"1stPlayableProductions,PlanetEntertainment"
4035,"Starbreeze,LionGames"
4036,"SlitherineSoftware,Slitherine"
4037,DigitalFusionInc.
4038,SylumEntertainment
4039,BelugaComputer
4040,MilkyTeaStudios
4041,"LukewarmMedia,Circle5,Circle5Studios"
4042,MedaverseStudios
4043,"IcebergInteractive,DavitAndreasyan"
4044,.theprodukkt
4045,PacificCenturyCyberWorks
4046,Ecole
4047,Infinigon
4048,SyroxDevelopments
4049,SnailGames
4050,MyNextGames
4051,"ArgonautGames,EAGames"
4052,RandomGamesInc.
4053,NoGravityGames
4054,"AbstractionGames,M2H,BlackmillGames"
4055,CiRCLE
4056,Breakpoint
4057,Tabot
4058,BehaviorStudios
4059,"Activision,CauldronLtd."
4060,"IronGalaxyStudios,TheFunPimps"
4061,BigStarGames
4062,DesertOwlGamesLLC
4063,Xendex
4064,"Mastiff,SensorySweep"
4065,"Phantagram,FeelPlus"
4066,MadCatInteractiveSoftware
4067,Abylight
4068,PabloTesta
4069,SilverbackStudios
4070,KingoftheJungle
4071,"BukaEntertainment,TargemGames"
4072,"Prope,Kadokawa"
4073,SuperEmpire
4074,TragnarionStudios
4075,Playerthree
4076,BackboneCharlottetown
4077,BluePlanetSoftware
4078,TacticalDevelopment
4079,"BlitzGames,HumanSoft"
4080,UndeadScout
4081,FunTownWorldLimited
4082,MayhemStudios
4083,NoWayStudio
4084,RainyNightCreations
4085,DataRealms
4086,"NamcoBandaiGames,Cellius"
4087,Vertex4
4088,MainLoop
4089,DirectActionGames
4090,CalvinoNoirLtd.
4091,Skonec
4092,TrineGames
4093,XibalbaStudios
4094,BlazingLizard
4095,PantherSoftware
4096,ValhallaGameStudios
4097,"BandaiNamcoGames,7thChord"
4098,WingsSimulations
4099,EggtoothTeam
4100,HandheldGames
4101,HopliteResearch
4102,"IllFonic,MaximumGames,Psyop"
4103,"TorusGames,D3Publisher"
4104,RedLemonStudios
4105,PompomSoftware
4106,"bitComposerGames,bitComposer"
4107,"TaitoCorporation,505Games"
4108,TriSynergy
4109,CUBETYPE
4110,M4Limited
4111,EnjoyGaming
4112,NHNCorporation
4113,MagnumGames
4114,DICO
4115,Jujubee
4116,"ZoeMode,HBStudiosMultimedia"
4117,FizzFactor
4118,StarsphereInteractive
4119,"Hudson,NATSUMEATARIInc."
4120,RazborStudios
4121,VisiwareStudios
4122,Moonshark
4123,"RitualEntertainment,AvalancheSoftware"
4124,BlueOmega
4125,BeretApplicationsLLC
4126,MadebyKiddies
4127,GabrielInteractive
4128,Europress
4129,TimelineComputerEntertainment
4130,IGGYMOB
4131,TrickstarGames
4132,MagicWand
4133,Apeiron
4134,SFLInteractive
4135,"Creazn,Soedesco"
4136,"Bamtang,MaximumGames"
4137,EchoPeak
4138,BojanBrbora
4139,TVR
4140,"DigitalBuilders,SabarasaEntertainment"
4141,NuClearVision
4142,FrontLineStudios
4143,NamcoBandaiGamesAmerica
4144,TelepathsTree
4145,CXTM
4146,Interchannel
4147,Darkblack
4148,MechanicArms
4149,ChameleonGames
4150,PolypusherStudios
4151,"HighVoltageSoftware,BackboneEntertainment"
4152,"Konami,BladeInteractive"
4153,EidosSweden
4154,BlueTongue
4155,"Voltex,Inc."
4156,AtomicMotion
4157,S&GSoftware
4158,CinoptStudiosLLC
4159,AnarchyEnterprises
4160,HomegrownGames
4161,"EnlightSoftware,InfiniteInteractive"
4162,GaijinDistribution
4163,Nekcom
4164,DynamicPixels
4165,AcclaimStudiosSaltLakeCity
4166,LeftBehindGames
4167,WeTheForce
4168,"FromSoftware,PolygonMagic"
4169,ConspiracyEntertainment
4170,AwesomePlayLtd.
4171,OutLookEntertainment
4172,"SquareEnix,ilinxinc."
4173,OtherSideEntertainment
4174,10tacleStudios
4175,258ProductionsAB
4176,ParallaxSoftware
4177,SpiralGameStudios
4178,PlayFirst
4179,Seven45Studios
4180,BigApeProductions
4181,MMEU
4182,"Kalypso,NovacoreStudios"
4183,"MaximumGames,BigmoonStudios"
4184,VoidStudios
4185,SUSHITYPHOONGAMES
4186,NikitovaGames
4187,PaleoEntertainment
4188,"MicroProse,KungFuFactory"
4189,"K2,Kurogane"
4190,RLRTrainingInc
4191,"NCS,extremeCo.,Ltd."
4192,exDream
4193,YoyoEntertainment
4194,BlackLionStudios
4195,SerellanLLC
4196,Sandblast
4197,"SkyworksTechnologies,SkyRiverStudios"
4198,"DigitalSprayStudios,MandelArtPlains"
4199,TouchdownEntertainment
4200,Brok3nsite
4201,Ikarion
4202,"THQAustralia,THQStudioAustralia"
4203,LeviathanGames
4204,RoninEntertainment
4205,PlasticPiranha
4206,MoonbiteGames
4207,TianSheMedia
4208,BrainboxGames
4209,BigRedButtonEntertainment
4210,Deelinetwork
4211,Otaboo
4212,TermiteGames
4213,StormcloudCreations
4214,"SouthPeakGames,Hyper-Devbox"
4215,"AksysGames,BlackTowerStudios"
4216,"Gameinvest,SeedStudios,Lda"
4217,AGOGames
4218,HexagonEntertainment
4219,"TheDigitalLounge,DinoDini"
4220,TwelveGames
4221,Version2GamesLimited
4222,"Activision,FireForgeGames"
4223,SnowrunnerGames
4224,"bitComposerEntertainmentAG,bitComposer"
4225,DigitalWorksEntertainment
4226,"ReplayStudios,TeamToro"
4227,E-OneStudio
4228,IceTorchInteractive
4229,"ApogeeSoftware,Ltd."
4230,"SquareEnix,HumanHeadStudios"
4231,DestinationSoftware
4232,TDKMediactive
4233,BrainCandy
4234,GamenessArtSoftware
4235,OsirisStudios
4236,WildfireStudios
4237,MagicLantern
4238,VectorCell
4239,QuotixSoftware
4240,"N-GameStudios,BlackWingFoundation"
4241,LadyluckDigitalMedia
4242,PowerheadGames
4243,"Team6GameStudios,Team6GamesStudio"
4244,"Activision,FirebrandGames"
4245,VersusEvil
4246,HammerpointInteractive
4247,PureFPS
4248,"Eutechnyx,DeepSilver"
4249,"GravityCorporation,Gravity"
